config_id,rho,branch_tolerance,min_branch_length,long_branch_threshold,far_fp_distance,architecture,seed,image_id,thin_FN,far_FP,recovered,partial,missed,length_weighted_coverage,long_branch_coverage
D0_PRIMARY,2,1,5,20,5,Standard U-Net,41,01,2466,104,145,10,13,0.8845177664974619,0.8451327433628318
D0_PRIMARY,2,1,5,20,5,Standard U-Net,41,02,2750,351,110,7,28,0.786697247706422,1.0
D0_PRIMARY,2,1,5,20,5,Standard U-Net,41,03,4430,137,87,10,42,0.6732283464566929,0.8368200836820083
D0_PRIMARY,2,1,5,20,5,Standard U-Net,41,04,3929,80,106,19,63,0.5900767867690491,0.4961832061068702
D0_PRIMARY,2,1,5,20,5,Standard U-Net,41,05,5572,51,90,17,60,0.5953360768175583,0.7724550898203593
D0_PRIMARY,2,1,5,20,5,Standard U-Net,41,06,6021,99,87,25,74,0.5222968845448992,0.6144578313253012
D0_PRIMARY,2,1,5,20,5,Standard U-Net,41,07,4872,128,100,14,51,0.6314432989690721,0.5037037037037037
D0_PRIMARY,2,1,5,20,5,Standard U-Net,41,08,4897,106,85,20,39,0.659156976744186,0.7467811158798283
D0_PRIMARY,2,1,5,20,5,Standard U-Net,41,09,4352,35,94,21,55,0.6293045239702904,0.9904761904761905
D0_PRIMARY,2,1,5,20,5,Standard U-Net,41,10,4044,160,122,33,60,0.6449119793902963,0.6849056603773584
D0_PRIMARY,2,1,5,20,5,Standard U-Net,41,11,3951,332,154,25,60,0.7106382978723405,0.7938388625592417
D0_PRIMARY,2,1,5,20,5,Standard U-Net,41,12,3128,127,131,16,25,0.7861386138613862,0.6227544910179641
D0_PRIMARY,2,1,5,20,5,Standard U-Net,41,13,4463,89,109,21,49,0.6722993361496681,0.6178010471204188
D0_PRIMARY,2,1,5,20,5,Standard U-Net,41,14,2390,427,137,10,15,0.8665794637017659,0.9342723004694836
D0_PRIMARY,2,1,5,20,5,Standard U-Net,41,15,2348,823,110,12,18,0.8412356321839081,0.898989898989899
D0_PRIMARY,2,1,5,20,5,Standard U-Net,41,16,4024,386,116,10,8,0.8873106060606061,0.8307692307692308
D0_PRIMARY,2,1,5,20,5,Standard U-Net,41,17,4557,177,94,9,12,0.8450226244343891,1.0
D0_PRIMARY,2,1,5,20,5,Standard U-Net,41,18,2704,258,111,8,5,0.9395555555555556,0.9578947368421052
D0_PRIMARY,2,1,5,20,5,Standard U-Net,41,19,1936,356,106,10,10,0.8682926829268293,0.9587628865979382
D0_PRIMARY,2,1,5,20,5,Standard U-Net,41,20,2676,584,124,5,8,0.9116465863453815,0.8418604651162791
D0_PRIMARY,2,1,5,20,5,Standard U-Net,42,01,2310,138,145,8,15,0.8642131979695431,0.8008849557522124
D0_PRIMARY,2,1,5,20,5,Standard U-Net,42,02,2528,237,109,10,26,0.7775229357798165,1.0
D0_PRIMARY,2,1,5,20,5,Standard U-Net,42,03,4509,79,76,19,44,0.6047244094488189,0.7196652719665272
D0_PRIMARY,2,1,5,20,5,Standard U-Net,42,04,3762,174,105,16,67,0.5794447725930302,0.46564885496183206
D0_PRIMARY,2,1,5,20,5,Standard U-Net,42,05,5484,55,87,15,65,0.5637860082304527,0.5748502994011976
D0_PRIMARY,2,1,5,20,5,Standard U-Net,42,06,5840,84,83,20,83,0.5051924251679902,0.6144578313253012
D0_PRIMARY,2,1,5,20,5,Standard U-Net,42,07,5165,86,83,17,65,0.5373711340206185,0.43333333333333335
D0_PRIMARY,2,1,5,20,5,Standard U-Net,42,08,4993,41,80,16,48,0.590843023255814,0.5622317596566524
D0_PRIMARY,2,1,5,20,5,Standard U-Net,42,09,4267,41,93,21,56,0.6178257933828494,0.9904761904761905
D0_PRIMARY,2,1,5,20,5,Standard U-Net,42,10,3967,93,113,33,69,0.5753542292829541,0.5226415094339623
D0_PRIMARY,2,1,5,20,5,Standard U-Net,42,11,3909,241,146,25,68,0.6736170212765957,0.7725118483412322
D0_PRIMARY,2,1,5,20,5,Standard U-Net,42,12,2983,100,128,13,31,0.7742574257425743,0.6347305389221557
D0_PRIMARY,2,1,5,20,5,Standard U-Net,42,13,4428,117,105,22,52,0.6451418225709112,0.5130890052356021
D0_PRIMARY,2,1,5,20,5,Standard U-Net,42,14,2453,393,126,20,16,0.8351863963374755,0.9014084507042254
D0_PRIMARY,2,1,5,20,5,Standard U-Net,42,15,2439,490,104,11,25,0.8017241379310345,0.8619528619528619
D0_PRIMARY,2,1,5,20,5,Standard U-Net,42,16,3941,484,112,11,11,0.8664772727272727,0.7692307692307693
D0_PRIMARY,2,1,5,20,5,Standard U-Net,42,17,4720,165,90,9,16,0.8246606334841629,1.0
D0_PRIMARY,2,1,5,20,5,Standard U-Net,42,18,2741,305,110,7,7,0.9128888888888889,0.9157894736842105
D0_PRIMARY,2,1,5,20,5,Standard U-Net,42,19,1847,344,108,14,4,0.8926829268292683,0.979381443298969
D0_PRIMARY,2,1,5,20,5,Standard U-Net,42,20,2373,669,126,5,6,0.9309236947791165,0.8790697674418605
D0_PRIMARY,2,1,5,20,5,Standard U-Net,43,01,2406,104,144,9,15,0.8794416243654822,0.8672566371681416
D0_PRIMARY,2,1,5,20,5,Standard U-Net,43,02,2670,181,107,13,25,0.7828746177370031,1.0
D0_PRIMARY,2,1,5,20,5,Standard U-Net,43,03,4507,101,79,13,47,0.6,0.6694560669456067
D0_PRIMARY,2,1,5,20,5,Standard U-Net,43,04,3723,45,111,15,62,0.6077968103957472,0.5419847328244275
D0_PRIMARY,2,1,5,20,5,Standard U-Net,43,05,5336,57,90,14,63,0.5864197530864198,0.6766467065868264
D0_PRIMARY,2,1,5,20,5,Standard U-Net,43,06,5879,102,81,22,83,0.5094685400122174,0.6224899598393574
D0_PRIMARY,2,1,5,20,5,Standard U-Net,43,07,5004,36,89,18,58,0.5618556701030928,0.3592592592592593
D0_PRIMARY,2,1,5,20,5,Standard U-Net,43,08,4828,104,82,17,45,0.6322674418604651,0.7381974248927039
D0_PRIMARY,2,1,5,20,5,Standard U-Net,43,09,4501,25,86,22,62,0.5941931127616475,0.9904761904761905
D0_PRIMARY,2,1,5,20,5,Standard U-Net,43,10,3844,119,125,26,64,0.6290253327608416,0.6037735849056604
D0_PRIMARY,2,1,5,20,5,Standard U-Net,43,11,3981,285,150,21,68,0.6753191489361702,0.7701421800947867
D0_PRIMARY,2,1,5,20,5,Standard U-Net,43,12,3140,105,126,16,30,0.7656765676567657,0.6107784431137725
D0_PRIMARY,2,1,5,20,5,Standard U-Net,43,13,4535,79,108,21,50,0.6698853349426674,0.5968586387434555
D0_PRIMARY,2,1,5,20,5,Standard U-Net,43,14,2360,357,132,14,16,0.8613472858077175,0.92018779342723
D0_PRIMARY,2,1,5,20,5,Standard U-Net,43,15,2154,584,111,12,17,0.8419540229885057,0.898989898989899
D0_PRIMARY,2,1,5,20,5,Standard U-Net,43,16,4163,299,115,7,12,0.8674242424242424,0.7384615384615385
D0_PRIMARY,2,1,5,20,5,Standard U-Net,43,17,4861,122,87,10,18,0.8065610859728507,1.0
D0_PRIMARY,2,1,5,20,5,Standard U-Net,43,18,2770,170,111,6,7,0.9235555555555556,0.9315789473684211
D0_PRIMARY,2,1,5,20,5,Standard U-Net,43,19,1718,393,110,9,7,0.9063414634146342,0.9587628865979382
D0_PRIMARY,2,1,5,20,5,Standard U-Net,43,20,2534,706,125,9,3,0.944578313253012,0.9395348837209302
D0_PRIMARY,2,1,5,20,5,DPD-2,41,01,2075,148,147,9,12,0.8978426395939086,0.8805309734513275
D0_PRIMARY,2,1,5,20,5,DPD-2,41,02,2448,282,114,9,22,0.8119266055045872,1.0
D0_PRIMARY,2,1,5,20,5,DPD-2,41,03,4302,248,79,17,43,0.637007874015748,0.7615062761506276
D0_PRIMARY,2,1,5,20,5,DPD-2,41,04,3517,152,113,16,59,0.6284701712935618,0.5763358778625954
D0_PRIMARY,2,1,5,20,5,DPD-2,41,05,5064,75,95,14,58,0.6069958847736625,0.7544910179640718
D0_PRIMARY,2,1,5,20,5,DPD-2,41,06,5719,111,81,24,81,0.5088576664630422,0.5622489959839357
D0_PRIMARY,2,1,5,20,5,DPD-2,41,07,4639,186,95,21,49,0.604381443298969,0.40370370370370373
D0_PRIMARY,2,1,5,20,5,DPD-2,41,08,4558,120,88,15,41,0.6504360465116279,0.6909871244635193
D0_PRIMARY,2,1,5,20,5,DPD-2,41,09,3911,60,93,18,59,0.6178257933828494,0.9809523809523809
D0_PRIMARY,2,1,5,20,5,DPD-2,41,10,3755,161,122,30,63,0.6311721768999571,0.6245283018867924
D0_PRIMARY,2,1,5,20,5,DPD-2,41,11,3808,264,143,34,62,0.6825531914893617,0.7725118483412322
D0_PRIMARY,2,1,5,20,5,DPD-2,41,12,2913,152,132,19,21,0.8,0.6467065868263473
D0_PRIMARY,2,1,5,20,5,DPD-2,41,13,3982,141,116,20,43,0.7127338563669282,0.6544502617801047
D0_PRIMARY,2,1,5,20,5,DPD-2,41,14,2322,377,136,12,14,0.8705035971223022,0.8967136150234741
D0_PRIMARY,2,1,5,20,5,DPD-2,41,15,2242,242,112,8,20,0.8441091954022989,0.8922558922558923
D0_PRIMARY,2,1,5,20,5,DPD-2,41,16,3762,501,114,10,10,0.875,0.7538461538461538
D0_PRIMARY,2,1,5,20,5,DPD-2,41,17,4435,248,93,14,8,0.8540723981900452,1.0
D0_PRIMARY,2,1,5,20,5,DPD-2,41,18,2583,377,110,7,7,0.9288888888888889,0.9578947368421052
D0_PRIMARY,2,1,5,20,5,DPD-2,41,19,1659,521,106,12,8,0.8868292682926829,1.0
D0_PRIMARY,2,1,5,20,5,DPD-2,41,20,2191,751,129,3,5,0.944578313253012,0.9209302325581395
D0_PRIMARY,2,1,5,20,5,DPD-2,42,01,2016,201,148,7,13,0.8934010152284264,0.8628318584070797
D0_PRIMARY,2,1,5,20,5,DPD-2,42,02,2314,336,112,8,25,0.8103975535168195,1.0
D0_PRIMARY,2,1,5,20,5,DPD-2,42,03,4297,137,84,13,42,0.6543307086614173,0.8451882845188284
D0_PRIMARY,2,1,5,20,5,DPD-2,42,04,3646,75,114,12,62,0.61193148257531,0.5038167938931297
D0_PRIMARY,2,1,5,20,5,DPD-2,42,05,5151,42,95,13,59,0.6145404663923183,0.8203592814371258
D0_PRIMARY,2,1,5,20,5,DPD-2,42,06,5501,121,89,22,75,0.5455100794135614,0.642570281124498
D0_PRIMARY,2,1,5,20,5,DPD-2,42,07,4823,176,90,20,55,0.5902061855670103,0.5148148148148148
D0_PRIMARY,2,1,5,20,5,DPD-2,42,08,4749,84,85,16,43,0.6388081395348837,0.6652360515021459
D0_PRIMARY,2,1,5,20,5,DPD-2,42,09,3939,79,98,19,53,0.6441593517893315,1.0
D0_PRIMARY,2,1,5,20,5,DPD-2,42,10,3654,115,129,26,60,0.6509231429798197,0.6471698113207547
D0_PRIMARY,2,1,5,20,5,DPD-2,42,11,3551,295,159,22,58,0.7306382978723405,0.8222748815165877
D0_PRIMARY,2,1,5,20,5,DPD-2,42,12,2764,181,132,14,26,0.7907590759075908,0.6766467065868264
D0_PRIMARY,2,1,5,20,5,DPD-2,42,13,4115,147,109,23,47,0.687990343995172,0.643979057591623
D0_PRIMARY,2,1,5,20,5,DPD-2,42,14,2205,445,133,16,13,0.8659254414650098,0.9342723004694836
D0_PRIMARY,2,1,5,20,5,DPD-2,42,15,2299,318,107,7,26,0.8096264367816092,0.8855218855218855
D0_PRIMARY,2,1,5,20,5,DPD-2,42,16,3634,646,115,8,11,0.8863636363636364,0.8769230769230769
D0_PRIMARY,2,1,5,20,5,DPD-2,42,17,4261,239,93,10,12,0.8653846153846154,1.0
D0_PRIMARY,2,1,5,20,5,DPD-2,42,18,2481,353,113,4,7,0.9422222222222222,0.9736842105263158
D0_PRIMARY,2,1,5,20,5,DPD-2,42,19,1675,423,113,7,6,0.911219512195122,1.0
D0_PRIMARY,2,1,5,20,5,DPD-2,42,20,2088,813,129,7,1,0.9518072289156626,0.9023255813953488
D0_PRIMARY,2,1,5,20,5,DPD-2,43,01,2387,85,141,13,14,0.8705583756345178,0.827433628318584
D0_PRIMARY,2,1,5,20,5,DPD-2,43,02,2624,173,108,10,27,0.7782874617737003,1.0
D0_PRIMARY,2,1,5,20,5,DPD-2,43,03,4395,96,79,13,47,0.6165354330708661,0.7447698744769874
D0_PRIMARY,2,1,5,20,5,DPD-2,43,04,3712,61,106,22,60,0.6077968103957472,0.5381679389312977
D0_PRIMARY,2,1,5,20,5,DPD-2,43,05,5285,42,91,14,62,0.5843621399176955,0.6946107784431138
D0_PRIMARY,2,1,5,20,5,DPD-2,43,06,5832,97,81,23,82,0.5167990226023214,0.6385542168674698
D0_PRIMARY,2,1,5,20,5,DPD-2,43,07,4950,26,91,20,54,0.5837628865979382,0.4148148148148148
D0_PRIMARY,2,1,5,20,5,DPD-2,43,08,4749,90,84,16,44,0.6373546511627907,0.7296137339055794
D0_PRIMARY,2,1,5,20,5,DPD-2,43,09,4456,25,88,17,65,0.5860904794058069,1.0
D0_PRIMARY,2,1,5,20,5,DPD-2,43,10,3736,105,124,27,64,0.6384714469729498,0.6339622641509434
D0_PRIMARY,2,1,5,20,5,DPD-2,43,11,3860,241,151,24,64,0.691063829787234,0.7701421800947867
D0_PRIMARY,2,1,5,20,5,DPD-2,43,12,3042,106,129,11,32,0.7775577557755775,0.6526946107784432
D0_PRIMARY,2,1,5,20,5,DPD-2,43,13,4443,67,108,22,49,0.6783343391671696,0.5968586387434555
D0_PRIMARY,2,1,5,20,5,DPD-2,43,14,2334,343,130,15,17,0.8633093525179856,0.9295774647887324
D0_PRIMARY,2,1,5,20,5,DPD-2,43,15,2068,281,106,16,18,0.8362068965517241,0.898989898989899
D0_PRIMARY,2,1,5,20,5,DPD-2,43,16,4146,271,112,10,12,0.8645833333333334,0.8307692307692308
D0_PRIMARY,2,1,5,20,5,DPD-2,43,17,4770,129,87,9,19,0.8009049773755657,1.0
D0_PRIMARY,2,1,5,20,5,DPD-2,43,18,2725,180,111,6,7,0.928,0.9368421052631579
D0_PRIMARY,2,1,5,20,5,DPD-2,43,19,1668,347,112,6,8,0.8995121951219512,0.9587628865979382
D0_PRIMARY,2,1,5,20,5,DPD-2,43,20,2430,674,125,10,2,0.9437751004016064,0.9348837209302325
RHO_1,1,1,5,20,5,Standard U-Net,41,01,1564,104,72,9,13,0.8200620475698035,0.8108108108108109
RHO_1,1,1,5,20,5,Standard U-Net,41,02,1950,351,60,7,28,0.7025586353944563,1.0
RHO_1,1,1,5,20,5,Standard U-Net,41,03,3060,137,56,9,42,0.6171003717472119,0.8368200836820083
RHO_1,1,1,5,20,5,Standard U-Net,41,04,3015,80,64,18,62,0.4970717423133236,0.45454545454545453
RHO_1,1,1,5,20,5,Standard U-Net,41,05,3788,51,48,16,60,0.4876977152899824,0.7724550898203593
RHO_1,1,1,5,20,5,Standard U-Net,41,06,4206,99,52,25,73,0.42993396918561994,0.6144578313253012
RHO_1,1,1,5,20,5,Standard U-Net,41,07,3211,128,47,12,48,0.4824644549763033,0.4462809917355372
RHO_1,1,1,5,20,5,Standard U-Net,41,08,3081,106,50,20,39,0.5749097472924187,0.7467811158798283
RHO_1,1,1,5,20,5,Standard U-Net,41,09,2971,35,54,20,50,0.5509138381201044,0.9904761904761905
RHO_1,1,1,5,20,5,Standard U-Net,41,10,2891,160,83,33,60,0.592501233349778,0.6706114398422091
RHO_1,1,1,5,20,5,Standard U-Net,41,11,3140,332,109,25,60,0.6591251885369532,0.7692307692307693
RHO_1,1,1,5,20,5,Standard U-Net,41,12,2054,127,70,15,24,0.7005758157389635,0.6227544910179641
RHO_1,1,1,5,20,5,Standard U-Net,41,13,3396,89,69,19,49,0.5932977913175933,0.5654761904761905
RHO_1,1,1,5,20,5,Standard U-Net,41,14,1640,427,101,10,15,0.8403830806065443,0.9342723004694836
RHO_1,1,1,5,20,5,Standard U-Net,41,15,1479,823,63,11,18,0.7816550348953141,0.8823529411764706
RHO_1,1,1,5,20,5,Standard U-Net,41,16,2190,386,9,4,5,0.4968944099378882,0.45
RHO_1,1,1,5,20,5,Standard U-Net,41,17,2461,177,7,2,8,0.5104895104895105,
RHO_1,1,1,5,20,5,Standard U-Net,41,18,1554,258,21,4,4,0.8081180811808119,0.813953488372093
RHO_1,1,1,5,20,5,Standard U-Net,41,19,1311,356,42,7,9,0.7782258064516129,0.92
RHO_1,1,1,5,20,5,Standard U-Net,41,20,1337,584,21,5,8,0.6983240223463687,0.6964285714285714
RHO_1,1,1,5,20,5,Standard U-Net,42,01,1582,138,71,8,15,0.781799379524302,0.7567567567567568
RHO_1,1,1,5,20,5,Standard U-Net,42,02,1878,237,59,10,26,0.6897654584221748,1.0
RHO_1,1,1,5,20,5,Standard U-Net,42,03,3330,79,47,17,43,0.5436802973977695,0.7196652719665272
RHO_1,1,1,5,20,5,Standard U-Net,42,04,3013,174,63,15,66,0.48535871156661786,0.4214876033057851
RHO_1,1,1,5,20,5,Standard U-Net,42,05,3849,55,45,14,65,0.4428822495606327,0.5748502994011976
RHO_1,1,1,5,20,5,Standard U-Net,42,06,4233,84,49,19,82,0.41232575201760824,0.6144578313253012
RHO_1,1,1,5,20,5,Standard U-Net,42,07,3516,86,30,16,61,0.3582938388625592,0.384297520661157
RHO_1,1,1,5,20,5,Standard U-Net,42,08,3234,41,45,16,48,0.490072202166065,0.5622317596566524
RHO_1,1,1,5,20,5,Standard U-Net,42,09,3005,41,51,21,52,0.5282854656222803,0.9904761904761905
RHO_1,1,1,5,20,5,Standard U-Net,42,10,3035,93,75,32,69,0.5135668475579674,0.5009861932938856
RHO_1,1,1,5,20,5,Standard U-Net,42,11,3267,241,101,25,68,0.615887380593263,0.7453580901856764
RHO_1,1,1,5,20,5,Standard U-Net,42,12,2082,100,67,11,31,0.6813819577735125,0.6347305389221557
RHO_1,1,1,5,20,5,Standard U-Net,42,13,3524,117,65,22,50,0.5620715917745621,0.44642857142857145
RHO_1,1,1,5,20,5,Standard U-Net,42,14,1797,393,90,20,16,0.8012769353551477,0.9014084507042254
RHO_1,1,1,5,20,5,Standard U-Net,42,15,1662,490,56,11,25,0.7268195413758723,0.8392156862745098
RHO_1,1,1,5,20,5,Standard U-Net,42,16,2282,484,7,3,8,0.37267080745341613,0.25
RHO_1,1,1,5,20,5,Standard U-Net,42,17,2633,165,7,3,7,0.46853146853146854,
RHO_1,1,1,5,20,5,Standard U-Net,42,18,1631,305,19,4,6,0.7121771217712177,0.627906976744186
RHO_1,1,1,5,20,5,Standard U-Net,42,19,1339,344,43,11,4,0.8064516129032258,0.96
RHO_1,1,1,5,20,5,Standard U-Net,42,20,1310,669,23,5,6,0.7625698324022346,0.7678571428571429
RHO_1,1,1,5,20,5,Standard U-Net,43,01,1599,104,71,9,14,0.8148914167528438,0.8378378378378378
RHO_1,1,1,5,20,5,Standard U-Net,43,02,2008,181,57,13,25,0.6982942430703625,1.0
RHO_1,1,1,5,20,5,Standard U-Net,43,03,3224,101,49,12,46,0.54182156133829,0.6694560669456067
RHO_1,1,1,5,20,5,Standard U-Net,43,04,2953,45,68,15,61,0.5190336749633968,0.5041322314049587
RHO_1,1,1,5,20,5,Standard U-Net,43,05,3724,57,48,13,63,0.4718804920913884,0.6766467065868264
RHO_1,1,1,5,20,5,Standard U-Net,43,06,4283,102,46,22,82,0.41672780630961115,0.6224899598393574
RHO_1,1,1,5,20,5,Standard U-Net,43,07,3487,36,35,17,55,0.37156398104265403,0.28512396694214875
RHO_1,1,1,5,20,5,Standard U-Net,43,08,3135,104,47,18,44,0.5415162454873647,0.7381974248927039
RHO_1,1,1,5,20,5,Standard U-Net,43,09,3124,25,47,22,55,0.5100087032201914,0.9904761904761905
RHO_1,1,1,5,20,5,Standard U-Net,43,10,2935,119,87,25,64,0.5747409965466206,0.5857988165680473
RHO_1,1,1,5,20,5,Standard U-Net,43,11,3300,285,105,21,68,0.6178984414278532,0.7427055702917772
RHO_1,1,1,5,20,5,Standard U-Net,43,12,2198,105,65,15,29,0.6708253358925144,0.6107784431137725
RHO_1,1,1,5,20,5,Standard U-Net,43,13,3535,79,67,21,49,0.5887281035795887,0.5416666666666666
RHO_1,1,1,5,20,5,Standard U-Net,43,14,1711,357,96,14,16,0.8316041500399042,0.92018779342723
RHO_1,1,1,5,20,5,Standard U-Net,43,15,1458,584,63,12,17,0.7836490528414756,0.8823529411764706
RHO_1,1,1,5,20,5,Standard U-Net,43,16,2367,299,8,2,8,0.38509316770186336,0.15
RHO_1,1,1,5,20,5,Standard U-Net,43,17,2679,122,6,3,8,0.4755244755244755,
RHO_1,1,1,5,20,5,Standard U-Net,43,18,1637,170,20,4,5,0.7490774907749077,0.6976744186046512
RHO_1,1,1,5,20,5,Standard U-Net,43,19,1237,393,44,7,7,0.8306451612903226,0.92
RHO_1,1,1,5,20,5,Standard U-Net,43,20,1318,706,23,8,3,0.8156424581005587,0.8839285714285714
RHO_1,1,1,5,20,5,DPD-2,41,01,1428,148,74,8,12,0.8366080661840745,0.8540540540540541
RHO_1,1,1,5,20,5,DPD-2,41,02,1823,282,64,9,22,0.7377398720682303,1.0
RHO_1,1,1,5,20,5,DPD-2,41,03,3092,248,48,15,44,0.5752788104089219,0.7615062761506276
RHO_1,1,1,5,20,5,DPD-2,41,04,2795,152,70,16,58,0.5439238653001464,0.5413223140495868
RHO_1,1,1,5,20,5,DPD-2,41,05,3618,75,52,14,58,0.4964850615114236,0.7544910179640718
RHO_1,1,1,5,20,5,DPD-2,41,06,4135,111,46,24,80,0.41379310344827586,0.5622489959839357
RHO_1,1,1,5,20,5,DPD-2,41,07,3231,186,41,20,46,0.43981042654028435,0.3347107438016529
RHO_1,1,1,5,20,5,DPD-2,41,08,3013,120,53,16,40,0.5640794223826715,0.6909871244635193
RHO_1,1,1,5,20,5,DPD-2,41,09,2820,60,53,16,55,0.5291557876414273,0.9809523809523809
RHO_1,1,1,5,20,5,DPD-2,41,10,2873,161,83,30,63,0.576221016280217,0.6074950690335306
RHO_1,1,1,5,20,5,DPD-2,41,11,3146,264,98,34,62,0.6264454499748617,0.7453580901856764
RHO_1,1,1,5,20,5,DPD-2,41,12,2024,152,71,18,20,0.7197696737044146,0.6467065868263473
RHO_1,1,1,5,20,5,DPD-2,41,13,3124,141,74,20,43,0.638994668697639,0.6071428571428571
RHO_1,1,1,5,20,5,DPD-2,41,14,1671,377,100,12,14,0.8427773343974462,0.8967136150234741
RHO_1,1,1,5,20,5,DPD-2,41,15,1465,242,64,8,20,0.7836490528414756,0.8745098039215686
RHO_1,1,1,5,20,5,DPD-2,41,16,2146,501,7,5,6,0.40993788819875776,0.2
RHO_1,1,1,5,20,5,DPD-2,41,17,2487,248,8,3,6,0.5594405594405595,
RHO_1,1,1,5,20,5,DPD-2,41,18,1551,377,18,6,5,0.7638376383763837,0.813953488372093
RHO_1,1,1,5,20,5,DPD-2,41,19,1224,521,41,9,8,0.7983870967741935,1.0
RHO_1,1,1,5,20,5,DPD-2,41,20,1131,751,26,3,5,0.8072625698324022,0.8482142857142857
RHO_1,1,1,5,20,5,DPD-2,42,01,1357,201,75,6,13,0.8355739400206825,0.8324324324324325
RHO_1,1,1,5,20,5,DPD-2,42,02,1766,336,62,8,25,0.7356076759061834,1.0
RHO_1,1,1,5,20,5,DPD-2,42,03,3167,137,54,12,41,0.6013011152416357,0.8451882845188284
RHO_1,1,1,5,20,5,DPD-2,42,04,2918,75,72,11,61,0.5248901903367497,0.4628099173553719
RHO_1,1,1,5,20,5,DPD-2,42,05,3664,42,53,12,59,0.507908611599297,0.8203592814371258
RHO_1,1,1,5,20,5,DPD-2,42,06,3985,121,55,21,74,0.4600146735143067,0.642570281124498
RHO_1,1,1,5,20,5,DPD-2,42,07,3324,176,38,18,51,0.43317535545023694,0.47107438016528924
RHO_1,1,1,5,20,5,DPD-2,42,08,3083,84,50,16,43,0.5496389891696751,0.6652360515021459
RHO_1,1,1,5,20,5,DPD-2,42,09,2836,79,56,18,50,0.5613577023498695,1.0
RHO_1,1,1,5,20,5,DPD-2,42,10,2804,115,90,26,60,0.5994079921065614,0.631163708086785
RHO_1,1,1,5,20,5,DPD-2,42,11,2953,295,114,22,58,0.6827551533433887,0.8010610079575596
RHO_1,1,1,5,20,5,DPD-2,42,12,1934,181,71,12,26,0.7044145873320538,0.6766467065868264
RHO_1,1,1,5,20,5,DPD-2,42,13,3290,147,69,22,46,0.6153846153846154,0.5952380952380952
RHO_1,1,1,5,20,5,DPD-2,42,14,1612,445,97,16,13,0.8371907422186752,0.9342723004694836
RHO_1,1,1,5,20,5,DPD-2,42,15,1588,318,59,7,26,0.7397806580259222,0.8666666666666667
RHO_1,1,1,5,20,5,DPD-2,42,16,2086,646,9,3,6,0.5217391304347826,0.6
RHO_1,1,1,5,20,5,DPD-2,42,17,2416,239,7,5,5,0.6153846153846154,
RHO_1,1,1,5,20,5,DPD-2,42,18,1497,353,21,3,5,0.8154981549815498,0.8837209302325582
RHO_1,1,1,5,20,5,DPD-2,42,19,1192,423,48,5,5,0.8548387096774194,1.0
RHO_1,1,1,5,20,5,DPD-2,42,20,1129,813,26,7,1,0.835195530726257,0.8125
RHO_1,1,1,5,20,5,DPD-2,43,01,1612,85,70,10,14,0.8024819027921406,0.7891891891891892
RHO_1,1,1,5,20,5,DPD-2,43,02,2000,173,58,10,27,0.6918976545842217,1.0
RHO_1,1,1,5,20,5,DPD-2,43,03,3173,96,48,13,46,0.5566914498141264,0.7447698744769874
RHO_1,1,1,5,20,5,DPD-2,43,04,2987,61,63,22,59,0.5183016105417276,0.5
RHO_1,1,1,5,20,5,DPD-2,43,05,3721,42,49,13,62,0.47012302284710017,0.6946107784431138
RHO_1,1,1,5,20,5,DPD-2,43,06,4267,97,45,24,81,0.42112986060161406,0.6385542168674698
RHO_1,1,1,5,20,5,DPD-2,43,07,3480,26,38,18,51,0.4056872037914692,0.34710743801652894
RHO_1,1,1,5,20,5,DPD-2,43,08,3121,90,49,17,43,0.5478339350180506,0.7296137339055794
RHO_1,1,1,5,20,5,DPD-2,43,09,3125,25,49,17,58,0.5004351610095735,1.0
RHO_1,1,1,5,20,5,DPD-2,43,10,2892,105,86,26,64,0.5855944745929945,0.6173570019723866
RHO_1,1,1,5,20,5,DPD-2,43,11,3228,241,106,24,64,0.6365007541478129,0.7427055702917772
RHO_1,1,1,5,20,5,DPD-2,43,12,2163,106,68,10,31,0.6880998080614203,0.6526946107784432
RHO_1,1,1,5,20,5,DPD-2,43,13,3501,67,67,22,48,0.5986290936785986,0.5416666666666666
RHO_1,1,1,5,20,5,DPD-2,43,14,1699,343,94,15,17,0.833998403830806,0.9295774647887324
RHO_1,1,1,5,20,5,DPD-2,43,15,1433,281,60,15,17,0.7806580259222333,0.8823529411764706
RHO_1,1,1,5,20,5,DPD-2,43,16,2378,271,7,4,7,0.40993788819875776,0.45
RHO_1,1,1,5,20,5,DPD-2,43,17,2642,129,6,2,9,0.44755244755244755,
RHO_1,1,1,5,20,5,DPD-2,43,18,1652,180,20,4,5,0.7638376383763837,0.7209302325581395
RHO_1,1,1,5,20,5,DPD-2,43,19,1207,347,46,5,7,0.8225806451612904,0.92
RHO_1,1,1,5,20,5,DPD-2,43,20,1323,674,23,9,2,0.8184357541899442,0.875
RHO_3,3,1,5,20,5,Standard U-Net,41,01,3082,104,225,10,13,0.9174228675136116,0.8708487084870848
RHO_3,3,1,5,20,5,Standard U-Net,41,02,4098,351,187,7,28,0.8540031397174255,1.0
RHO_3,3,1,5,20,5,Standard U-Net,41,03,7015,137,147,12,43,0.7524079320113315,0.8505747126436781
RHO_3,3,1,5,20,5,Standard U-Net,41,04,5193,80,156,19,63,0.662621359223301,0.4961832061068702
RHO_3,3,1,5,20,5,Standard U-Net,41,05,7275,51,171,17,60,0.7144240077444337,0.7724550898203593
RHO_3,3,1,5,20,5,Standard U-Net,41,06,7858,99,155,25,75,0.6398169336384439,0.6631578947368421
RHO_3,3,1,5,20,5,Standard U-Net,41,07,6379,128,173,14,51,0.7272296015180265,0.5641025641025641
RHO_3,3,1,5,20,5,Standard U-Net,41,08,6781,106,139,22,39,0.7398907103825136,0.7756653992395437
RHO_3,3,1,5,20,5,Standard U-Net,41,09,5917,35,159,22,54,0.7214357937310415,0.9904761904761905
RHO_3,3,1,5,20,5,Standard U-Net,41,10,5078,160,187,33,60,0.7077303212142605,0.714041095890411
RHO_3,3,1,5,20,5,Standard U-Net,41,11,4891,332,217,26,60,0.7569395017793594,0.7938388625592417
RHO_3,3,1,5,20,5,Standard U-Net,41,12,4352,127,185,17,25,0.8340943683409436,0.676923076923077
RHO_3,3,1,5,20,5,Standard U-Net,41,13,5813,89,169,22,50,0.7417249417249417,0.6588785046728972
RHO_3,3,1,5,20,5,Standard U-Net,41,14,3444,427,201,10,15,0.8994578610152785,0.9479553903345725
RHO_3,3,1,5,20,5,Standard U-Net,41,15,3019,823,167,12,18,0.8770856507230256,0.898989898989899
RHO_3,3,1,5,20,5,Standard U-Net,41,16,4485,386,196,10,8,0.9293768545994066,0.8952380952380953
RHO_3,3,1,5,20,5,Standard U-Net,41,17,5276,177,160,9,12,0.9043963712491278,1.0
RHO_3,3,1,5,20,5,Standard U-Net,41,18,2974,258,191,8,5,0.9617117117117117,0.9656652360515021
RHO_3,3,1,5,20,5,Standard U-Net,41,19,2130,356,174,10,10,0.9108781127129751,0.9611650485436893
RHO_3,3,1,5,20,5,Standard U-Net,41,20,2944,584,180,6,8,0.9341107871720117,0.8623481781376519
RHO_3,3,1,5,20,5,Standard U-Net,42,01,2701,138,225,8,15,0.9029038112522686,0.8339483394833949
RHO_3,3,1,5,20,5,Standard U-Net,42,02,3500,237,186,10,26,0.847723704866562,1.0
RHO_3,3,1,5,20,5,Standard U-Net,42,03,6559,79,137,21,44,0.7121813031161474,0.7432950191570882
RHO_3,3,1,5,20,5,Standard U-Net,42,04,4562,174,155,16,67,0.654368932038835,0.46564885496183206
RHO_3,3,1,5,20,5,Standard U-Net,42,05,6689,55,168,15,65,0.6921587608906099,0.5748502994011976
RHO_3,3,1,5,20,5,Standard U-Net,42,06,7291,84,152,20,83,0.6292906178489702,0.6631578947368421
RHO_3,3,1,5,20,5,Standard U-Net,42,07,6389,86,156,17,65,0.6589184060721063,0.5064102564102564
RHO_3,3,1,5,20,5,Standard U-Net,42,08,6424,41,135,17,48,0.6896174863387978,0.6121673003802282
RHO_3,3,1,5,20,5,Standard U-Net,42,09,5481,41,157,22,56,0.7128412537917088,0.9904761904761905
RHO_3,3,1,5,20,5,Standard U-Net,42,10,4673,93,178,33,69,0.6505471231909636,0.5667808219178082
RHO_3,3,1,5,20,5,Standard U-Net,42,11,4609,241,209,26,68,0.7256227758007118,0.7725118483412322
RHO_3,3,1,5,20,5,Standard U-Net,42,12,3766,100,183,13,31,0.8264840182648402,0.6871794871794872
RHO_3,3,1,5,20,5,Standard U-Net,42,13,5387,117,165,23,53,0.7207459207459207,0.5654205607476636
RHO_3,3,1,5,20,5,Standard U-Net,42,14,3236,393,190,20,16,0.8758008871365205,0.9219330855018587
RHO_3,3,1,5,20,5,Standard U-Net,42,15,2937,490,161,11,25,0.8464961067853171,0.8619528619528619
RHO_3,3,1,5,20,5,Standard U-Net,42,16,4231,484,192,11,11,0.916320474777448,0.8571428571428571
RHO_3,3,1,5,20,5,Standard U-Net,42,17,5278,165,156,9,16,0.8918353105373342,1.0
RHO_3,3,1,5,20,5,Standard U-Net,42,18,2895,305,190,7,7,0.9442567567567568,0.9313304721030042
RHO_3,3,1,5,20,5,Standard U-Net,42,19,1949,344,176,14,4,0.927916120576671,0.9805825242718447
RHO_3,3,1,5,20,5,Standard U-Net,42,20,2518,669,182,6,6,0.9481049562682216,0.8947368421052632
RHO_3,3,1,5,20,5,Standard U-Net,43,01,2873,104,224,9,15,0.9137931034482759,0.8892988929889298
RHO_3,3,1,5,20,5,Standard U-Net,43,02,3803,181,184,13,25,0.8513867085295657,1.0
RHO_3,3,1,5,20,5,Standard U-Net,43,03,6706,101,138,17,47,0.7036827195467422,0.6973180076628352
RHO_3,3,1,5,20,5,Standard U-Net,43,04,4706,45,161,15,62,0.6771844660194175,0.5419847328244275
RHO_3,3,1,5,20,5,Standard U-Net,43,05,6760,57,171,14,63,0.7081316553727008,0.6766467065868264
RHO_3,3,1,5,20,5,Standard U-Net,43,06,7510,102,150,22,83,0.6320366132723112,0.6701754385964912
RHO_3,3,1,5,20,5,Standard U-Net,43,07,6300,36,162,18,58,0.6759962049335864,0.4391025641025641
RHO_3,3,1,5,20,5,Standard U-Net,43,08,6447,104,136,19,45,0.7202185792349727,0.7680608365019012
RHO_3,3,1,5,20,5,Standard U-Net,43,09,5950,25,151,23,61,0.6951466127401416,0.9904761904761905
RHO_3,3,1,5,20,5,Standard U-Net,43,10,4654,119,189,27,64,0.6943169784680551,0.6404109589041096
RHO_3,3,1,5,20,5,Standard U-Net,43,11,4716,285,214,21,68,0.7284697508896797,0.7701421800947867
RHO_3,3,1,5,20,5,Standard U-Net,43,12,4164,105,180,17,30,0.8188736681887366,0.6666666666666666
RHO_3,3,1,5,20,5,Standard U-Net,43,13,5695,79,168,22,51,0.7393939393939394,0.6401869158878505
RHO_3,3,1,5,20,5,Standard U-Net,43,14,3221,357,196,14,16,0.8955150320354854,0.9368029739776952
RHO_3,3,1,5,20,5,Standard U-Net,43,15,2634,584,168,12,17,0.8776418242491657,0.898989898989899
RHO_3,3,1,5,20,5,Standard U-Net,43,16,4553,299,195,7,12,0.916320474777448,0.8380952380952381
RHO_3,3,1,5,20,5,Standard U-Net,43,17,5524,122,153,10,18,0.8806699232379623,1.0
RHO_3,3,1,5,20,5,Standard U-Net,43,18,3006,170,191,6,7,0.9515765765765766,0.944206008583691
RHO_3,3,1,5,20,5,Standard U-Net,43,19,1824,393,178,9,7,0.9370904325032765,0.9611650485436893
RHO_3,3,1,5,20,5,Standard U-Net,43,20,2717,706,182,9,3,0.9591836734693877,0.9473684210526315
RHO_3,3,1,5,20,5,DPD-2,41,01,2468,148,227,9,12,0.926950998185118,0.9003690036900369
RHO_3,3,1,5,20,5,DPD-2,41,02,3475,282,191,9,22,0.8712715855572999,1.0
RHO_3,3,1,5,20,5,DPD-2,41,03,6594,248,138,20,44,0.7257790368271955,0.7816091954022989
RHO_3,3,1,5,20,5,DPD-2,41,04,4434,152,163,16,59,0.6941747572815534,0.5763358778625954
RHO_3,3,1,5,20,5,DPD-2,41,05,6348,75,176,14,58,0.7226524685382382,0.7544910179640718
RHO_3,3,1,5,20,5,DPD-2,41,06,7209,111,149,24,82,0.6297482837528604,0.6175438596491228
RHO_3,3,1,5,20,5,DPD-2,41,07,5850,186,168,21,49,0.7073055028462998,0.4775641025641026
RHO_3,3,1,5,20,5,DPD-2,41,08,6066,120,142,17,41,0.7333333333333333,0.7262357414448669
RHO_3,3,1,5,20,5,DPD-2,41,09,5124,60,158,19,58,0.7128412537917088,0.9809523809523809
RHO_3,3,1,5,20,5,DPD-2,41,10,4486,161,187,30,63,0.6967878573949876,0.6592465753424658
RHO_3,3,1,5,20,5,DPD-2,41,11,4549,264,206,35,62,0.7338078291814947,0.7725118483412322
RHO_3,3,1,5,20,5,DPD-2,41,12,3854,152,187,19,21,0.8462709284627092,0.6974358974358974
RHO_3,3,1,5,20,5,DPD-2,41,13,5043,141,176,21,44,0.772960372960373,0.6915887850467289
RHO_3,3,1,5,20,5,DPD-2,41,14,3142,377,200,12,14,0.9024149827501232,0.9182156133828996
RHO_3,3,1,5,20,5,DPD-2,41,15,2785,242,169,8,20,0.8793103448275862,0.8922558922558923
RHO_3,3,1,5,20,5,DPD-2,41,16,4101,501,194,10,10,0.9216617210682493,0.8476190476190476
RHO_3,3,1,5,20,5,DPD-2,41,17,4999,248,159,14,8,0.9099790648988136,1.0
RHO_3,3,1,5,20,5,DPD-2,41,18,2804,377,190,7,7,0.954954954954955,0.9656652360515021
RHO_3,3,1,5,20,5,DPD-2,41,19,1778,521,174,12,8,0.9239842726081258,1.0
RHO_3,3,1,5,20,5,DPD-2,41,20,2387,751,185,4,5,0.9580174927113703,0.9311740890688259
RHO_3,3,1,5,20,5,DPD-2,42,01,2396,201,228,7,13,0.9237749546279492,0.8856088560885609
RHO_3,3,1,5,20,5,DPD-2,42,02,3211,336,189,8,25,0.8702250130821559,1.0
RHO_3,3,1,5,20,5,DPD-2,42,03,6301,137,144,16,42,0.7439093484419264,0.8582375478927203
RHO_3,3,1,5,20,5,DPD-2,42,04,4430,75,164,12,62,0.6810679611650485,0.5038167938931297
RHO_3,3,1,5,20,5,DPD-2,42,05,6277,42,176,13,59,0.7279767666989352,0.8203592814371258
RHO_3,3,1,5,20,5,DPD-2,42,06,6879,121,158,22,75,0.6594965675057208,0.6877192982456141
RHO_3,3,1,5,20,5,DPD-2,42,07,5990,176,163,20,55,0.6968690702087287,0.5737179487179487
RHO_3,3,1,5,20,5,DPD-2,42,08,6165,84,140,17,43,0.7256830601092896,0.7034220532319392
RHO_3,3,1,5,20,5,DPD-2,42,09,5038,79,163,19,53,0.7330637007077856,1.0
RHO_3,3,1,5,20,5,DPD-2,42,10,4314,115,194,26,60,0.7130250617719732,0.6797945205479452
RHO_3,3,1,5,20,5,DPD-2,42,11,4215,295,222,23,58,0.7733096085409252,0.8222748815165877
RHO_3,3,1,5,20,5,DPD-2,42,12,3501,181,187,14,26,0.839167935058346,0.7230769230769231
RHO_3,3,1,5,20,5,DPD-2,42,13,4972,147,169,25,47,0.7552447552447552,0.6822429906542056
RHO_3,3,1,5,20,5,DPD-2,42,14,2918,445,197,16,13,0.8989650073928044,0.9479553903345725
RHO_3,3,1,5,20,5,DPD-2,42,15,2760,318,164,7,26,0.8526140155728588,0.8855218855218855
RHO_3,3,1,5,20,5,DPD-2,42,16,3876,646,195,9,10,0.9287833827893175,0.9238095238095239
RHO_3,3,1,5,20,5,DPD-2,42,17,4750,239,159,10,12,0.9169574319609212,1.0
RHO_3,3,1,5,20,5,DPD-2,42,18,2606,353,193,4,7,0.9634009009009009,0.9785407725321889
RHO_3,3,1,5,20,5,DPD-2,42,19,1765,423,181,7,6,0.9403669724770642,1.0
RHO_3,3,1,5,20,5,DPD-2,42,20,2215,813,185,8,1,0.963265306122449,0.9149797570850202
RHO_3,3,1,5,20,5,DPD-2,43,01,2815,85,221,13,14,0.9074410163339383,0.8560885608856088
RHO_3,3,1,5,20,5,DPD-2,43,02,3692,173,185,10,27,0.8482469911041339,1.0
RHO_3,3,1,5,20,5,DPD-2,43,03,6629,96,138,15,49,0.7099150141643059,0.7662835249042146
RHO_3,3,1,5,20,5,DPD-2,43,04,4655,61,156,22,60,0.6771844660194175,0.5381679389312977
RHO_3,3,1,5,20,5,DPD-2,43,05,6627,42,172,14,62,0.7066795740561471,0.6946107784431138
RHO_3,3,1,5,20,5,DPD-2,43,06,7382,97,150,23,82,0.6375286041189931,0.6842105263157895
RHO_3,3,1,5,20,5,DPD-2,43,07,6182,26,164,20,54,0.6921252371916509,0.48717948717948717
RHO_3,3,1,5,20,5,DPD-2,43,08,6264,90,138,18,44,0.7240437158469946,0.7604562737642585
RHO_3,3,1,5,20,5,DPD-2,43,09,5828,25,153,18,64,0.6890798786653185,1.0
RHO_3,3,1,5,20,5,DPD-2,43,10,4478,105,188,28,64,0.7020825979527003,0.6678082191780822
RHO_3,3,1,5,20,5,DPD-2,43,11,4541,241,215,24,64,0.7416370106761566,0.7701421800947867
RHO_3,3,1,5,20,5,DPD-2,43,12,3988,106,184,11,32,0.8290208016235413,0.7025641025641025
RHO_3,3,1,5,20,5,DPD-2,43,13,5523,67,168,23,50,0.7463869463869464,0.6401869158878505
RHO_3,3,1,5,20,5,DPD-2,43,14,3161,343,194,15,17,0.8969935929029078,0.9442379182156134
RHO_3,3,1,5,20,5,DPD-2,43,15,2511,281,163,16,18,0.8731924360400445,0.898989898989899
RHO_3,3,1,5,20,5,DPD-2,43,16,4489,271,192,10,12,0.914540059347181,0.8952380952380953
RHO_3,3,1,5,20,5,DPD-2,43,17,5391,129,153,9,19,0.8771807397069086,1.0
RHO_3,3,1,5,20,5,DPD-2,43,18,2928,180,191,6,7,0.9543918918918919,0.9484978540772532
RHO_3,3,1,5,20,5,DPD-2,43,19,1773,347,180,6,8,0.9325032765399738,0.9611650485436893
RHO_3,3,1,5,20,5,DPD-2,43,20,2591,674,182,10,2,0.958600583090379,0.9433198380566802
TOL_0,2,0,5,20,5,Standard U-Net,41,01,2466,104,124,28,16,0.8020304568527918,0.7389380530973452
TOL_0,2,0,5,20,5,Standard U-Net,41,02,2750,351,97,18,30,0.7262996941896025,0.9666666666666667
TOL_0,2,0,5,20,5,Standard U-Net,41,03,4430,137,66,23,50,0.5480314960629922,0.6527196652719666
TOL_0,2,0,5,20,5,Standard U-Net,41,04,3929,80,80,35,73,0.49970466627288834,0.42748091603053434
TOL_0,2,0,5,20,5,Standard U-Net,41,05,5572,51,64,32,71,0.4732510288065844,0.5748502994011976
TOL_0,2,0,5,20,5,Standard U-Net,41,06,6021,99,63,32,91,0.42455711667684787,0.5301204819277109
TOL_0,2,0,5,20,5,Standard U-Net,41,07,4872,128,80,29,56,0.5393041237113402,0.337037037037037
TOL_0,2,0,5,20,5,Standard U-Net,41,08,4897,106,66,26,52,0.502906976744186,0.3948497854077253
TOL_0,2,0,5,20,5,Standard U-Net,41,09,4352,35,77,25,68,0.537474679270763,0.8761904761904762
TOL_0,2,0,5,20,5,Standard U-Net,41,10,4044,160,78,64,73,0.5105195362816659,0.569811320754717
TOL_0,2,0,5,20,5,Standard U-Net,41,11,3951,332,115,51,73,0.5897872340425532,0.6587677725118484
TOL_0,2,0,5,20,5,Standard U-Net,41,12,3128,127,110,30,32,0.699009900990099,0.5089820359281437
TOL_0,2,0,5,20,5,Standard U-Net,41,13,4463,89,85,35,59,0.5751357875678937,0.5392670157068062
TOL_0,2,0,5,20,5,Standard U-Net,41,14,2390,427,105,37,20,0.7547416612164813,0.7652582159624414
TOL_0,2,0,5,20,5,Standard U-Net,41,15,2348,823,100,15,25,0.7830459770114943,0.8585858585858586
TOL_0,2,0,5,20,5,Standard U-Net,41,16,4024,386,106,16,12,0.8229166666666666,0.7384615384615385
TOL_0,2,0,5,20,5,Standard U-Net,41,17,4557,177,75,19,21,0.747737556561086,0.9850746268656716
TOL_0,2,0,5,20,5,Standard U-Net,41,18,2704,258,101,14,9,0.8711111111111111,0.9157894736842105
TOL_0,2,0,5,20,5,Standard U-Net,41,19,1936,356,94,18,14,0.7882926829268293,0.8969072164948454
TOL_0,2,0,5,20,5,Standard U-Net,41,20,2676,584,109,15,13,0.8353413654618473,0.7348837209302326
TOL_0,2,0,5,20,5,Standard U-Net,42,01,2310,138,120,31,17,0.7817258883248731,0.7300884955752213
TOL_0,2,0,5,20,5,Standard U-Net,42,02,2528,237,91,25,29,0.6934250764525994,0.9083333333333333
TOL_0,2,0,5,20,5,Standard U-Net,42,03,4509,79,61,24,54,0.48503937007874015,0.5481171548117155
TOL_0,2,0,5,20,5,Standard U-Net,42,04,3762,174,81,33,74,0.4813939751919669,0.3702290076335878
TOL_0,2,0,5,20,5,Standard U-Net,42,05,5484,55,57,39,71,0.44787379972565156,0.46706586826347307
TOL_0,2,0,5,20,5,Standard U-Net,42,06,5840,84,59,34,93,0.40134392180818573,0.5020080321285141
TOL_0,2,0,5,20,5,Standard U-Net,42,07,5165,86,67,25,73,0.46069587628865977,0.28888888888888886
TOL_0,2,0,5,20,5,Standard U-Net,42,08,4993,41,52,34,58,0.45130813953488375,0.3090128755364807
TOL_0,2,0,5,20,5,Standard U-Net,42,09,4267,41,77,28,65,0.5320729237002025,0.8380952380952381
TOL_0,2,0,5,20,5,Standard U-Net,42,10,3967,93,66,64,85,0.44568484328037783,0.4075471698113208
TOL_0,2,0,5,20,5,Standard U-Net,42,11,3909,241,105,56,78,0.5561702127659575,0.6516587677725119
TOL_0,2,0,5,20,5,Standard U-Net,42,12,2983,100,107,28,37,0.6798679867986799,0.46706586826347307
TOL_0,2,0,5,20,5,Standard U-Net,42,13,4428,117,85,31,63,0.5491852745926373,0.4083769633507853
TOL_0,2,0,5,20,5,Standard U-Net,42,14,2453,393,94,46,22,0.7096141268803139,0.6713615023474179
TOL_0,2,0,5,20,5,Standard U-Net,42,15,2439,490,94,16,30,0.7492816091954023,0.8114478114478114
TOL_0,2,0,5,20,5,Standard U-Net,42,16,3941,484,100,17,17,0.8049242424242424,0.7384615384615385
TOL_0,2,0,5,20,5,Standard U-Net,42,17,4720,165,71,21,23,0.7138009049773756,0.9850746268656716
TOL_0,2,0,5,20,5,Standard U-Net,42,18,2741,305,93,20,11,0.8364444444444444,0.8789473684210526
TOL_0,2,0,5,20,5,Standard U-Net,42,19,1847,344,93,22,11,0.7921951219512195,0.8865979381443299
TOL_0,2,0,5,20,5,Standard U-Net,42,20,2373,669,114,15,8,0.8610441767068273,0.7441860465116279
TOL_0,2,0,5,20,5,Standard U-Net,43,01,2406,104,125,27,16,0.7899746192893401,0.7389380530973452
TOL_0,2,0,5,20,5,Standard U-Net,43,02,2670,181,92,24,29,0.7018348623853211,0.925
TOL_0,2,0,5,20,5,Standard U-Net,43,03,4507,101,60,22,57,0.4905511811023622,0.5230125523012552
TOL_0,2,0,5,20,5,Standard U-Net,43,04,3723,45,84,33,71,0.509746012994684,0.4122137404580153
TOL_0,2,0,5,20,5,Standard U-Net,43,05,5336,57,65,29,73,0.4657064471879287,0.5269461077844312
TOL_0,2,0,5,20,5,Standard U-Net,43,06,5879,102,59,33,94,0.40806353084911423,0.5100401606425703
TOL_0,2,0,5,20,5,Standard U-Net,43,07,5004,36,67,30,68,0.47100515463917525,0.22592592592592592
TOL_0,2,0,5,20,5,Standard U-Net,43,08,4828,104,59,31,54,0.48255813953488375,0.40772532188841204
TOL_0,2,0,5,20,5,Standard U-Net,43,09,4501,25,69,28,73,0.5010128291694801,0.8380952380952381
TOL_0,2,0,5,20,5,Standard U-Net,43,10,3844,119,80,61,74,0.49033920137398024,0.4811320754716981
TOL_0,2,0,5,20,5,Standard U-Net,43,11,3981,285,108,49,82,0.5485106382978724,0.6066350710900474
TOL_0,2,0,5,20,5,Standard U-Net,43,12,3140,105,103,31,38,0.664026402640264,0.4550898203592814
TOL_0,2,0,5,20,5,Standard U-Net,43,13,4535,79,83,38,58,0.56004828002414,0.4816753926701571
TOL_0,2,0,5,20,5,Standard U-Net,43,14,2360,357,98,41,23,0.7338129496402878,0.7183098591549296
TOL_0,2,0,5,20,5,Standard U-Net,43,15,2154,584,98,17,25,0.7751436781609196,0.8552188552188552
TOL_0,2,0,5,20,5,Standard U-Net,43,16,4163,299,102,15,17,0.7945075757575758,0.6923076923076923
TOL_0,2,0,5,20,5,Standard U-Net,43,17,4861,122,72,15,28,0.7047511312217195,0.9552238805970149
TOL_0,2,0,5,20,5,Standard U-Net,43,18,2770,170,100,13,11,0.8568888888888889,0.9
TOL_0,2,0,5,20,5,Standard U-Net,43,19,1718,393,93,23,10,0.7931707317073171,0.8350515463917526
TOL_0,2,0,5,20,5,Standard U-Net,43,20,2534,706,107,25,5,0.8602409638554217,0.8186046511627907
TOL_0,2,0,5,20,5,DPD-2,41,01,2075,148,125,29,14,0.8140862944162437,0.7389380530973452
TOL_0,2,0,5,20,5,DPD-2,41,02,2448,282,98,21,26,0.7377675840978594,0.95
TOL_0,2,0,5,20,5,DPD-2,41,03,4302,248,62,26,51,0.5220472440944882,0.6276150627615062
TOL_0,2,0,5,20,5,DPD-2,41,04,3517,152,85,39,64,0.5339633786178382,0.45038167938931295
TOL_0,2,0,5,20,5,DPD-2,41,05,5064,75,66,31,70,0.4766803840877915,0.562874251497006
TOL_0,2,0,5,20,5,DPD-2,41,06,5719,111,63,32,91,0.4166157605375687,0.4979919678714859
TOL_0,2,0,5,20,5,DPD-2,41,07,4639,186,73,31,61,0.5045103092783505,0.26296296296296295
TOL_0,2,0,5,20,5,DPD-2,41,08,4558,120,58,37,49,0.49127906976744184,0.34763948497854075
TOL_0,2,0,5,20,5,DPD-2,41,09,3911,60,76,30,64,0.5462525320729237,0.8761904761904762
TOL_0,2,0,5,20,5,DPD-2,41,10,3755,161,78,60,77,0.49248604551309577,0.5075471698113208
TOL_0,2,0,5,20,5,DPD-2,41,11,3808,264,108,56,75,0.563404255319149,0.6113744075829384
TOL_0,2,0,5,20,5,DPD-2,41,12,2913,152,109,28,35,0.691089108910891,0.49101796407185627
TOL_0,2,0,5,20,5,DPD-2,41,13,3982,141,92,36,51,0.6143633071816536,0.5706806282722513
TOL_0,2,0,5,20,5,DPD-2,41,14,2322,377,101,40,21,0.7331589274035317,0.6666666666666666
TOL_0,2,0,5,20,5,DPD-2,41,15,2242,242,103,14,23,0.7852011494252874,0.8451178451178452
TOL_0,2,0,5,20,5,DPD-2,41,16,3762,501,102,19,13,0.8115530303030303,0.6923076923076923
TOL_0,2,0,5,20,5,DPD-2,41,17,4435,248,76,20,19,0.751131221719457,0.9850746268656716
TOL_0,2,0,5,20,5,DPD-2,41,18,2583,377,101,11,12,0.8666666666666667,0.9105263157894737
TOL_0,2,0,5,20,5,DPD-2,41,19,1659,521,92,21,13,0.7863414634146342,0.9175257731958762
TOL_0,2,0,5,20,5,DPD-2,41,20,2191,751,114,16,7,0.8771084337349397,0.8418604651162791
TOL_0,2,0,5,20,5,DPD-2,42,01,2016,201,128,23,17,0.8217005076142132,0.7787610619469026
TOL_0,2,0,5,20,5,DPD-2,42,02,2314,336,101,18,26,0.7446483180428135,0.9333333333333333
TOL_0,2,0,5,20,5,DPD-2,42,03,4297,137,68,23,48,0.5456692913385827,0.6569037656903766
TOL_0,2,0,5,20,5,DPD-2,42,04,3646,75,85,31,72,0.5186060248080331,0.42748091603053434
TOL_0,2,0,5,20,5,DPD-2,42,05,5151,42,67,33,67,0.4945130315500686,0.6526946107784432
TOL_0,2,0,5,20,5,DPD-2,42,06,5501,121,63,34,89,0.43738546120952965,0.5582329317269076
TOL_0,2,0,5,20,5,DPD-2,42,07,4823,176,74,28,63,0.5045103092783505,0.37037037037037035
TOL_0,2,0,5,20,5,DPD-2,42,08,4749,84,60,29,55,0.4883720930232558,0.38626609442060084
TOL_0,2,0,5,20,5,DPD-2,42,09,3939,79,82,25,63,0.5563808237677245,0.8380952380952381
TOL_0,2,0,5,20,5,DPD-2,42,10,3654,115,83,59,73,0.5186775440103049,0.5188679245283019
TOL_0,2,0,5,20,5,DPD-2,42,11,3551,295,118,53,68,0.6187234042553191,0.7132701421800948
TOL_0,2,0,5,20,5,DPD-2,42,12,2764,181,109,32,31,0.7056105610561056,0.5329341317365269
TOL_0,2,0,5,20,5,DPD-2,42,13,4115,147,88,35,56,0.5914302957151478,0.5602094240837696
TOL_0,2,0,5,20,5,DPD-2,42,14,2205,445,105,38,19,0.750817527795945,0.7511737089201878
TOL_0,2,0,5,20,5,DPD-2,42,15,2299,318,97,13,30,0.7593390804597702,0.8484848484848485
TOL_0,2,0,5,20,5,DPD-2,42,16,3634,646,103,17,14,0.8181818181818182,0.8153846153846154
TOL_0,2,0,5,20,5,DPD-2,42,17,4261,239,74,24,17,0.751131221719457,0.9850746268656716
TOL_0,2,0,5,20,5,DPD-2,42,18,2481,353,101,13,10,0.8711111111111111,0.9105263157894737
TOL_0,2,0,5,20,5,DPD-2,42,19,1675,423,97,20,9,0.824390243902439,0.9381443298969072
TOL_0,2,0,5,20,5,DPD-2,42,20,2088,813,119,12,6,0.8867469879518072,0.7953488372093023
TOL_0,2,0,5,20,5,DPD-2,43,01,2387,85,122,27,19,0.7836294416243654,0.7168141592920354
TOL_0,2,0,5,20,5,DPD-2,43,02,2624,173,93,21,31,0.7033639143730887,0.95
TOL_0,2,0,5,20,5,DPD-2,43,03,4395,96,64,18,57,0.5015748031496063,0.5648535564853556
TOL_0,2,0,5,20,5,DPD-2,43,04,3712,61,81,36,71,0.5109273479031305,0.4198473282442748
TOL_0,2,0,5,20,5,DPD-2,43,05,5285,42,65,29,73,0.4657064471879287,0.5449101796407185
TOL_0,2,0,5,20,5,DPD-2,43,06,5832,97,57,38,91,0.4098961514966402,0.5381526104417671
TOL_0,2,0,5,20,5,DPD-2,43,07,4950,26,70,30,65,0.48260309278350516,0.26666666666666666
TOL_0,2,0,5,20,5,DPD-2,43,08,4749,90,61,29,54,0.49055232558139533,0.3948497854077253
TOL_0,2,0,5,20,5,DPD-2,43,09,4456,25,70,26,74,0.5037137069547603,0.8666666666666667
TOL_0,2,0,5,20,5,DPD-2,43,10,3736,105,84,56,75,0.49978531558608846,0.5113207547169811
TOL_0,2,0,5,20,5,DPD-2,43,11,3860,241,110,53,76,0.5727659574468085,0.6066350710900474
TOL_0,2,0,5,20,5,DPD-2,43,12,3042,106,104,31,37,0.6792079207920793,0.5089820359281437
TOL_0,2,0,5,20,5,DPD-2,43,13,4443,67,86,34,59,0.5733252866626434,0.4869109947643979
TOL_0,2,0,5,20,5,DPD-2,43,14,2334,343,103,39,20,0.7455853499018966,0.7370892018779343
TOL_0,2,0,5,20,5,DPD-2,43,15,2068,281,99,15,26,0.7758620689655172,0.8518518518518519
TOL_0,2,0,5,20,5,DPD-2,43,16,4146,271,101,17,16,0.7945075757575758,0.7538461538461538
TOL_0,2,0,5,20,5,DPD-2,43,17,4770,129,74,13,28,0.7070135746606335,0.9552238805970149
TOL_0,2,0,5,20,5,DPD-2,43,18,2725,180,103,11,10,0.864,0.9105263157894737
TOL_0,2,0,5,20,5,DPD-2,43,19,1668,347,96,17,13,0.7921951219512195,0.8144329896907216
TOL_0,2,0,5,20,5,DPD-2,43,20,2430,674,109,22,6,0.8618473895582329,0.827906976744186
TOL_2,2,2,5,20,5,Standard U-Net,41,01,2466,104,149,7,12,0.9060913705583756,0.8628318584070797
TOL_2,2,2,5,20,5,Standard U-Net,41,02,2750,351,113,7,25,0.8111620795107034,1.0
TOL_2,2,2,5,20,5,Standard U-Net,41,03,4430,137,91,14,34,0.7118110236220473,0.9163179916317992
TOL_2,2,2,5,20,5,Standard U-Net,41,04,3929,80,110,19,59,0.6266981689308919,0.5534351145038168
TOL_2,2,2,5,20,5,Standard U-Net,41,05,5572,51,97,16,54,0.6330589849108368,0.8323353293413174
TOL_2,2,2,5,20,5,Standard U-Net,41,06,6021,99,91,34,61,0.5687232742822236,0.6305220883534136
TOL_2,2,2,5,20,5,Standard U-Net,41,07,4872,128,104,19,42,0.6655927835051546,0.5370370370370371
TOL_2,2,2,5,20,5,Standard U-Net,41,08,4897,106,91,17,36,0.7042151162790697,0.8154506437768241
TOL_2,2,2,5,20,5,Standard U-Net,41,09,4352,35,100,22,48,0.6671168129642133,1.0
TOL_2,2,2,5,20,5,Standard U-Net,41,10,4044,160,131,39,45,0.6960068699012452,0.7283018867924528
TOL_2,2,2,5,20,5,Standard U-Net,41,11,3951,332,161,29,49,0.7472340425531915,0.8222748815165877
TOL_2,2,2,5,20,5,Standard U-Net,41,12,3128,127,137,12,23,0.8125412541254126,0.6766467065868264
TOL_2,2,2,5,20,5,Standard U-Net,41,13,4463,89,116,20,43,0.7060953530476766,0.643979057591623
TOL_2,2,2,5,20,5,Standard U-Net,41,14,2390,427,140,10,12,0.8881621975147155,0.9577464788732394
TOL_2,2,2,5,20,5,Standard U-Net,41,15,2348,823,115,10,15,0.860632183908046,0.9023569023569024
TOL_2,2,2,5,20,5,Standard U-Net,41,16,4024,386,120,8,6,0.9100378787878788,0.8461538461538461
TOL_2,2,2,5,20,5,Standard U-Net,41,17,4557,177,96,9,10,0.8676470588235294,1.0
TOL_2,2,2,5,20,5,Standard U-Net,41,18,2704,258,115,5,4,0.9555555555555556,0.9789473684210527
TOL_2,2,2,5,20,5,Standard U-Net,41,19,1936,356,111,8,7,0.8985365853658537,0.9896907216494846
TOL_2,2,2,5,20,5,Standard U-Net,41,20,2676,584,127,4,6,0.9309236947791165,0.8790697674418605
TOL_2,2,2,5,20,5,Standard U-Net,42,01,2310,138,149,6,13,0.8857868020304569,0.8230088495575221
TOL_2,2,2,5,20,5,Standard U-Net,42,02,2528,237,112,10,23,0.8042813455657493,1.0
TOL_2,2,2,5,20,5,Standard U-Net,42,03,4509,79,80,19,40,0.6488188976377953,0.7573221757322176
TOL_2,2,2,5,20,5,Standard U-Net,42,04,3762,174,112,13,63,0.6113408151210868,0.5152671755725191
TOL_2,2,2,5,20,5,Standard U-Net,42,05,5484,55,91,18,58,0.5960219478737997,0.6167664670658682
TOL_2,2,2,5,20,5,Standard U-Net,42,06,5840,84,92,23,71,0.5516188149053146,0.6546184738955824
TOL_2,2,2,5,20,5,Standard U-Net,42,07,5165,86,87,24,54,0.5708762886597938,0.46296296296296297
TOL_2,2,2,5,20,5,Standard U-Net,42,08,4993,41,83,17,44,0.6177325581395349,0.5965665236051502
TOL_2,2,2,5,20,5,Standard U-Net,42,09,4267,41,99,21,50,0.6522619851451722,1.0
TOL_2,2,2,5,20,5,Standard U-Net,42,10,3967,93,123,36,56,0.6200085873765565,0.5566037735849056
TOL_2,2,2,5,20,5,Standard U-Net,42,11,3909,241,156,27,56,0.7131914893617022,0.7938388625592417
TOL_2,2,2,5,20,5,Standard U-Net,42,12,2983,100,135,9,28,0.7973597359735973,0.6946107784431138
TOL_2,2,2,5,20,5,Standard U-Net,42,13,4428,117,111,27,41,0.6885938442969222,0.5549738219895288
TOL_2,2,2,5,20,5,Standard U-Net,42,14,2453,393,132,17,13,0.8705035971223022,0.9342723004694836
TOL_2,2,2,5,20,5,Standard U-Net,42,15,2439,490,110,11,19,0.8261494252873564,0.8686868686868687
TOL_2,2,2,5,20,5,Standard U-Net,42,16,3941,484,117,9,8,0.8882575757575758,0.8
TOL_2,2,2,5,20,5,Standard U-Net,42,17,4720,165,95,7,13,0.8540723981900452,1.0
TOL_2,2,2,5,20,5,Standard U-Net,42,18,2741,305,111,6,7,0.9297777777777778,0.9473684210526315
TOL_2,2,2,5,20,5,Standard U-Net,42,19,1847,344,110,13,3,0.926829268292683,1.0
TOL_2,2,2,5,20,5,Standard U-Net,42,20,2373,669,127,6,4,0.944578313253012,0.9162790697674419
TOL_2,2,2,5,20,5,Standard U-Net,43,01,2406,104,149,5,14,0.9003807106598984,0.8893805309734514
TOL_2,2,2,5,20,5,Standard U-Net,43,02,2670,181,111,10,24,0.8134556574923547,1.0
TOL_2,2,2,5,20,5,Standard U-Net,43,03,4507,101,84,15,40,0.6440944881889764,0.698744769874477
TOL_2,2,2,5,20,5,Standard U-Net,43,04,3723,45,114,18,56,0.6414648552864737,0.5916030534351145
TOL_2,2,2,5,20,5,Standard U-Net,43,05,5336,57,94,17,56,0.6186556927297668,0.7245508982035929
TOL_2,2,2,5,20,5,Standard U-Net,43,06,5879,102,89,28,69,0.5558949297495418,0.6546184738955824
TOL_2,2,2,5,20,5,Standard U-Net,43,07,5004,36,94,19,52,0.5934278350515464,0.37777777777777777
TOL_2,2,2,5,20,5,Standard U-Net,43,08,4828,104,89,15,40,0.6707848837209303,0.776824034334764
TOL_2,2,2,5,20,5,Standard U-Net,43,09,4501,25,94,24,52,0.6360567184334909,1.0
TOL_2,2,2,5,20,5,Standard U-Net,43,10,3844,119,132,31,52,0.6702447402318592,0.6528301886792452
TOL_2,2,2,5,20,5,Standard U-Net,43,11,3981,285,156,25,58,0.7161702127659575,0.7843601895734598
TOL_2,2,2,5,20,5,Standard U-Net,43,12,3140,105,135,9,28,0.7933993399339934,0.6646706586826348
TOL_2,2,2,5,20,5,Standard U-Net,43,13,4535,79,115,25,39,0.7066988533494267,0.6282722513089005
TOL_2,2,2,5,20,5,Standard U-Net,43,14,2360,357,137,10,15,0.8875081752779594,0.9483568075117371
TOL_2,2,2,5,20,5,Standard U-Net,43,15,2154,584,115,10,15,0.8635057471264368,0.9023569023569024
TOL_2,2,2,5,20,5,Standard U-Net,43,16,4163,299,119,6,9,0.884469696969697,0.7538461538461538
TOL_2,2,2,5,20,5,Standard U-Net,43,17,4861,122,91,7,17,0.8382352941176471,1.0
TOL_2,2,2,5,20,5,Standard U-Net,43,18,2770,170,112,6,6,0.9422222222222222,0.968421052631579
TOL_2,2,2,5,20,5,Standard U-Net,43,19,1718,393,115,6,5,0.9326829268292683,0.979381443298969
TOL_2,2,2,5,20,5,Standard U-Net,43,20,2534,706,129,6,2,0.9654618473895582,0.9627906976744186
TOL_2,2,2,5,20,5,DPD-2,41,01,2075,148,153,3,12,0.9149746192893401,0.8982300884955752
TOL_2,2,2,5,20,5,DPD-2,41,02,2448,282,116,8,21,0.8348623853211009,1.0
TOL_2,2,2,5,20,5,DPD-2,41,03,4302,248,89,12,38,0.6826771653543308,0.8158995815899581
TOL_2,2,2,5,20,5,DPD-2,41,04,3517,152,120,15,53,0.6556408741878322,0.6106870229007634
TOL_2,2,2,5,20,5,DPD-2,41,05,5064,75,99,16,52,0.644718792866941,0.8263473053892215
TOL_2,2,2,5,20,5,DPD-2,41,06,5719,111,90,29,67,0.5583384239462431,0.5983935742971888
TOL_2,2,2,5,20,5,DPD-2,41,07,4639,186,101,20,44,0.6443298969072165,0.42592592592592593
TOL_2,2,2,5,20,5,DPD-2,41,08,4558,120,95,15,34,0.6962209302325582,0.7682403433476395
TOL_2,2,2,5,20,5,DPD-2,41,09,3911,60,99,21,50,0.6556380823767725,0.9904761904761905
TOL_2,2,2,5,20,5,DPD-2,41,10,3755,161,128,36,51,0.6762559038213826,0.6622641509433962
TOL_2,2,2,5,20,5,DPD-2,41,11,3808,264,154,36,49,0.7212765957446808,0.7985781990521327
TOL_2,2,2,5,20,5,DPD-2,41,12,2913,152,139,13,20,0.8264026402640264,0.6826347305389222
TOL_2,2,2,5,20,5,DPD-2,41,13,3982,141,126,14,39,0.7483403741701871,0.6858638743455497
TOL_2,2,2,5,20,5,DPD-2,41,14,2322,377,138,13,11,0.8999345977763243,0.9389671361502347
TOL_2,2,2,5,20,5,DPD-2,41,15,2242,242,116,8,16,0.8627873563218391,0.9023569023569024
TOL_2,2,2,5,20,5,DPD-2,41,16,3762,501,120,7,7,0.8948863636363636,0.7846153846153846
TOL_2,2,2,5,20,5,DPD-2,41,17,4435,248,96,12,7,0.8936651583710408,1.0
TOL_2,2,2,5,20,5,DPD-2,41,18,2583,377,112,6,6,0.9431111111111111,0.9842105263157894
TOL_2,2,2,5,20,5,DPD-2,41,19,1659,521,113,7,6,0.9190243902439025,1.0
TOL_2,2,2,5,20,5,DPD-2,41,20,2191,751,130,4,3,0.9598393574297188,0.9534883720930233
TOL_2,2,2,5,20,5,DPD-2,42,01,2016,201,149,8,11,0.9079949238578681,0.8761061946902655
TOL_2,2,2,5,20,5,DPD-2,42,02,2314,336,114,9,22,0.8318042813455657,1.0
TOL_2,2,2,5,20,5,DPD-2,42,03,4297,137,87,14,38,0.7,0.9121338912133892
TOL_2,2,2,5,20,5,DPD-2,42,04,3646,75,119,10,59,0.6349675132900178,0.5305343511450382
TOL_2,2,2,5,20,5,DPD-2,42,05,5151,42,100,15,52,0.6474622770919067,0.8502994011976048
TOL_2,2,2,5,20,5,DPD-2,42,06,5501,121,94,27,65,0.5846059865607819,0.6626506024096386
TOL_2,2,2,5,20,5,DPD-2,42,07,4823,176,94,21,50,0.6282216494845361,0.5407407407407407
TOL_2,2,2,5,20,5,DPD-2,42,08,4749,84,92,12,40,0.6744186046511628,0.7253218884120172
TOL_2,2,2,5,20,5,DPD-2,42,09,3939,79,105,21,44,0.6853477380148548,1.0
TOL_2,2,2,5,20,5,DPD-2,42,10,3654,115,132,34,49,0.6878488621726063,0.6867924528301886
TOL_2,2,2,5,20,5,DPD-2,42,11,3551,295,166,27,46,0.7663829787234042,0.8436018957345972
TOL_2,2,2,5,20,5,DPD-2,42,12,2764,181,135,15,22,0.8138613861386138,0.7125748502994012
TOL_2,2,2,5,20,5,DPD-2,42,13,4115,147,120,23,36,0.732045866022933,0.675392670157068
TOL_2,2,2,5,20,5,DPD-2,42,14,2205,445,137,13,12,0.8901242642249837,0.9577464788732394
TOL_2,2,2,5,20,5,DPD-2,42,15,2299,318,112,5,23,0.8333333333333334,0.8922558922558923
TOL_2,2,2,5,20,5,DPD-2,42,16,3634,646,118,8,8,0.9034090909090909,0.8923076923076924
TOL_2,2,2,5,20,5,DPD-2,42,17,4261,239,96,9,10,0.8846153846153846,1.0
TOL_2,2,2,5,20,5,DPD-2,42,18,2481,353,114,4,6,0.9546666666666667,1.0
TOL_2,2,2,5,20,5,DPD-2,42,19,1675,423,114,9,3,0.9346341463414635,1.0
TOL_2,2,2,5,20,5,DPD-2,42,20,2088,813,130,6,1,0.9662650602409638,0.9348837209302325
TOL_2,2,2,5,20,5,DPD-2,43,01,2387,85,147,8,13,0.8959390862944162,0.8628318584070797
TOL_2,2,2,5,20,5,DPD-2,43,02,2624,173,111,10,24,0.8027522935779816,1.0
TOL_2,2,2,5,20,5,DPD-2,43,03,4395,96,85,11,43,0.6551181102362205,0.7782426778242678
TOL_2,2,2,5,20,5,DPD-2,43,04,3712,61,115,18,55,0.6402835203780272,0.5725190839694656
TOL_2,2,2,5,20,5,DPD-2,43,05,5285,42,94,18,55,0.6179698216735254,0.7604790419161677
TOL_2,2,2,5,20,5,DPD-2,43,06,5832,97,92,23,71,0.5626145387904704,0.6626506024096386
TOL_2,2,2,5,20,5,DPD-2,43,07,4950,26,100,16,49,0.6237113402061856,0.44074074074074077
TOL_2,2,2,5,20,5,DPD-2,43,08,4749,90,88,21,35,0.6780523255813954,0.8068669527896996
TOL_2,2,2,5,20,5,DPD-2,43,09,4456,25,96,18,56,0.6239027683997299,1.0
TOL_2,2,2,5,20,5,DPD-2,43,10,3736,105,133,31,51,0.6814083297552598,0.6773584905660377
TOL_2,2,2,5,20,5,DPD-2,43,11,3860,241,158,27,54,0.7302127659574468,0.7867298578199052
TOL_2,2,2,5,20,5,DPD-2,43,12,3042,106,135,12,25,0.801980198019802,0.688622754491018
TOL_2,2,2,5,20,5,DPD-2,43,13,4443,67,117,21,41,0.7091128545564273,0.6230366492146597
TOL_2,2,2,5,20,5,DPD-2,43,14,2334,343,137,10,15,0.8907782864617397,0.9624413145539906
TOL_2,2,2,5,20,5,DPD-2,43,15,2068,281,114,10,16,0.8584770114942529,0.9023569023569024
TOL_2,2,2,5,20,5,DPD-2,43,16,4146,271,117,8,9,0.8882575757575758,0.8769230769230769
TOL_2,2,2,5,20,5,DPD-2,43,17,4770,129,88,12,15,0.833710407239819,1.0
TOL_2,2,2,5,20,5,DPD-2,43,18,2725,180,112,6,6,0.9413333333333334,0.9631578947368421
TOL_2,2,2,5,20,5,DPD-2,43,19,1668,347,114,7,5,0.92,0.9896907216494846
TOL_2,2,2,5,20,5,DPD-2,43,20,2430,674,127,8,2,0.963855421686747,0.9627906976744186
MINBR_3,2,1,3,20,5,Standard U-Net,41,01,2466,104,280,17,21,0.8946102021174206,0.8451327433628318
MINBR_3,2,1,3,20,5,Standard U-Net,41,02,2750,351,204,18,42,0.79976717112922,1.0
MINBR_3,2,1,3,20,5,Standard U-Net,41,03,4430,137,163,20,83,0.6649029982363316,0.8368200836820083
MINBR_3,2,1,3,20,5,Standard U-Net,41,04,3929,80,166,26,101,0.5931540342298288,0.4961832061068702
MINBR_3,2,1,3,20,5,Standard U-Net,41,05,5572,51,173,31,124,0.5856573705179283,0.7724550898203593
MINBR_3,2,1,3,20,5,Standard U-Net,41,06,6021,99,170,30,141,0.5280847145488029,0.6144578313253012
MINBR_3,2,1,3,20,5,Standard U-Net,41,07,4872,128,161,26,95,0.6209718670076726,0.5037037037037037
MINBR_3,2,1,3,20,5,Standard U-Net,41,08,4897,106,162,30,89,0.6409140369967355,0.7467811158798283
MINBR_3,2,1,3,20,5,Standard U-Net,41,09,4352,35,175,25,82,0.6530612244897959,0.9904761904761905
MINBR_3,2,1,3,20,5,Standard U-Net,41,10,4044,160,205,41,89,0.6581352833638026,0.6849056603773584
MINBR_3,2,1,3,20,5,Standard U-Net,41,11,3951,332,258,43,94,0.7121951219512195,0.7938388625592417
MINBR_3,2,1,3,20,5,Standard U-Net,41,12,3128,127,217,27,44,0.7857889237199582,0.6227544910179641
MINBR_3,2,1,3,20,5,Standard U-Net,41,13,4463,89,215,29,87,0.6837999082147774,0.6178010471204188
MINBR_3,2,1,3,20,5,Standard U-Net,41,14,2390,427,233,12,26,0.8709167544783983,0.9342723004694836
MINBR_3,2,1,3,20,5,Standard U-Net,41,15,2348,823,195,19,30,0.843069873997709,0.898989898989899
MINBR_3,2,1,3,20,5,Standard U-Net,41,16,4024,386,228,19,18,0.8899266177451635,0.8307692307692308
MINBR_3,2,1,3,20,5,Standard U-Net,41,17,4557,177,196,18,33,0.8322046651617758,1.0
MINBR_3,2,1,3,20,5,Standard U-Net,41,18,2704,258,198,15,12,0.9289099526066351,0.9578947368421052
MINBR_3,2,1,3,20,5,Standard U-Net,41,19,1936,356,239,13,20,0.8865435356200527,0.9587628865979382
MINBR_3,2,1,3,20,5,Standard U-Net,41,20,2676,584,219,15,17,0.9023199023199023,0.8418604651162791
MINBR_3,2,1,3,20,5,Standard U-Net,42,01,2310,138,280,12,26,0.8753609239653513,0.8008849557522124
MINBR_3,2,1,3,20,5,Standard U-Net,42,02,2528,237,207,18,39,0.7951105937136205,1.0
MINBR_3,2,1,3,20,5,Standard U-Net,42,03,4509,79,146,28,92,0.6014109347442681,0.7196652719665272
MINBR_3,2,1,3,20,5,Standard U-Net,42,04,3762,174,163,26,104,0.5838630806845966,0.46564885496183206
MINBR_3,2,1,3,20,5,Standard U-Net,42,05,5484,55,171,28,129,0.5637450199203188,0.5748502994011976
MINBR_3,2,1,3,20,5,Standard U-Net,42,06,5840,84,167,34,140,0.5239410681399632,0.6144578313253012
MINBR_3,2,1,3,20,5,Standard U-Net,42,07,5165,86,139,28,115,0.5381074168797954,0.43333333333333335
MINBR_3,2,1,3,20,5,Standard U-Net,42,08,4993,41,154,26,101,0.5859630032644179,0.5622317596566524
MINBR_3,2,1,3,20,5,Standard U-Net,42,09,4267,41,172,25,85,0.640171858216971,0.9904761904761905
MINBR_3,2,1,3,20,5,Standard U-Net,42,10,3967,93,194,41,100,0.596709323583181,0.5226415094339623
MINBR_3,2,1,3,20,5,Standard U-Net,42,11,3909,241,247,40,108,0.678397212543554,0.7725118483412322
MINBR_3,2,1,3,20,5,Standard U-Net,42,12,2983,100,214,23,51,0.776907001044932,0.6347305389221557
MINBR_3,2,1,3,20,5,Standard U-Net,42,13,4428,117,207,34,90,0.6581000458926113,0.5130890052356021
MINBR_3,2,1,3,20,5,Standard U-Net,42,14,2453,393,216,28,27,0.8403582718651211,0.9014084507042254
MINBR_3,2,1,3,20,5,Standard U-Net,42,15,2439,490,188,15,41,0.806987399770905,0.8619528619528619
MINBR_3,2,1,3,20,5,Standard U-Net,42,16,3941,484,224,18,23,0.8712474983322215,0.7692307692307693
MINBR_3,2,1,3,20,5,Standard U-Net,42,17,4720,165,192,17,38,0.81790820165538,1.0
MINBR_3,2,1,3,20,5,Standard U-Net,42,18,2741,305,198,11,16,0.9092755585646581,0.9157894736842105
MINBR_3,2,1,3,20,5,Standard U-Net,42,19,1847,344,240,17,15,0.9010554089709762,0.979381443298969
MINBR_3,2,1,3,20,5,Standard U-Net,42,20,2373,669,224,12,15,0.9188034188034188,0.8790697674418605
MINBR_3,2,1,3,20,5,Standard U-Net,43,01,2406,104,277,16,25,0.888354186717998,0.8672566371681416
MINBR_3,2,1,3,20,5,Standard U-Net,43,02,2670,181,204,22,38,0.7991850989522701,1.0
MINBR_3,2,1,3,20,5,Standard U-Net,43,03,4507,101,149,24,93,0.5984714873603763,0.6694560669456067
MINBR_3,2,1,3,20,5,Standard U-Net,43,04,3723,45,174,21,98,0.6117359413202934,0.5419847328244275
MINBR_3,2,1,3,20,5,Standard U-Net,43,05,5336,57,181,25,122,0.5906374501992032,0.6766467065868264
MINBR_3,2,1,3,20,5,Standard U-Net,43,06,5879,102,166,35,140,0.5280847145488029,0.6224899598393574
MINBR_3,2,1,3,20,5,Standard U-Net,43,07,5004,36,147,32,103,0.5631713554987212,0.3592592592592593
MINBR_3,2,1,3,20,5,Standard U-Net,43,08,4828,104,160,27,94,0.6256800870511425,0.7381974248927039
MINBR_3,2,1,3,20,5,Standard U-Net,43,09,4501,25,163,28,91,0.6197636949516648,0.9904761904761905
MINBR_3,2,1,3,20,5,Standard U-Net,43,10,3844,119,205,35,95,0.6413162705667276,0.6037735849056604
MINBR_3,2,1,3,20,5,Standard U-Net,43,11,3981,285,256,35,104,0.6853658536585366,0.7701421800947867
MINBR_3,2,1,3,20,5,Standard U-Net,43,12,3140,105,212,27,49,0.768025078369906,0.6107784431137725
MINBR_3,2,1,3,20,5,Standard U-Net,43,13,4535,79,209,30,92,0.6746213859568609,0.5968586387434555
MINBR_3,2,1,3,20,5,Standard U-Net,43,14,2360,357,228,15,28,0.8661749209694415,0.92018779342723
MINBR_3,2,1,3,20,5,Standard U-Net,43,15,2154,584,197,18,29,0.8442153493699885,0.898989898989899
MINBR_3,2,1,3,20,5,Standard U-Net,43,16,4163,299,221,18,26,0.8652434956637759,0.7384615384615385
MINBR_3,2,1,3,20,5,Standard U-Net,43,17,4861,122,188,21,38,0.8081264108352144,1.0
MINBR_3,2,1,3,20,5,Standard U-Net,43,18,2770,170,198,13,14,0.9153689911983751,0.9315789473684211
MINBR_3,2,1,3,20,5,Standard U-Net,43,19,1718,393,244,12,16,0.9135883905013192,0.9587628865979382
MINBR_3,2,1,3,20,5,Standard U-Net,43,20,2534,706,222,19,10,0.9340659340659341,0.9395348837209302
MINBR_3,2,1,3,20,5,DPD-2,41,01,2075,148,282,15,21,0.904716073147257,0.8805309734513275
MINBR_3,2,1,3,20,5,DPD-2,41,02,2448,282,214,16,34,0.8253783469150174,1.0
MINBR_3,2,1,3,20,5,DPD-2,41,03,4302,248,157,27,82,0.6419753086419753,0.7615062761506276
MINBR_3,2,1,3,20,5,DPD-2,41,04,3517,152,174,25,94,0.6273838630806846,0.5763358778625954
MINBR_3,2,1,3,20,5,DPD-2,41,05,5064,75,184,29,115,0.6040836653386454,0.7544910179640718
MINBR_3,2,1,3,20,5,DPD-2,41,06,5719,111,165,37,139,0.5244014732965009,0.5622489959839357
MINBR_3,2,1,3,20,5,DPD-2,41,07,4639,186,157,35,90,0.6020460358056265,0.40370370370370373
MINBR_3,2,1,3,20,5,DPD-2,41,08,4558,120,167,23,91,0.6371055495103374,0.6909871244635193
MINBR_3,2,1,3,20,5,DPD-2,41,09,3911,60,173,21,88,0.640171858216971,0.9809523809523809
MINBR_3,2,1,3,20,5,DPD-2,41,10,3755,161,205,39,91,0.6478976234003656,0.6245283018867924
MINBR_3,2,1,3,20,5,DPD-2,41,11,3808,264,247,49,99,0.689198606271777,0.7725118483412322
MINBR_3,2,1,3,20,5,DPD-2,41,12,2913,152,216,33,39,0.7946708463949843,0.6467065868263473
MINBR_3,2,1,3,20,5,DPD-2,41,13,3982,141,223,30,78,0.7173015144561725,0.6544502617801047
MINBR_3,2,1,3,20,5,DPD-2,41,14,2322,377,231,16,24,0.8746048472075869,0.8967136150234741
MINBR_3,2,1,3,20,5,DPD-2,41,15,2242,242,197,15,32,0.8465063001145475,0.8922558922558923
MINBR_3,2,1,3,20,5,DPD-2,41,16,3762,501,226,17,22,0.8785857238158773,0.7538461538461538
MINBR_3,2,1,3,20,5,DPD-2,41,17,4435,248,196,23,28,0.8434913468773514,1.0
MINBR_3,2,1,3,20,5,DPD-2,41,18,2583,377,199,12,14,0.922816519972918,0.9578947368421052
MINBR_3,2,1,3,20,5,DPD-2,41,19,1659,521,239,16,17,0.9003957783641161,1.0
MINBR_3,2,1,3,20,5,DPD-2,41,20,2191,751,228,13,10,0.9395604395604396,0.9209302325581395
MINBR_3,2,1,3,20,5,DPD-2,42,01,2016,201,288,8,22,0.9042348411934552,0.8628318584070797
MINBR_3,2,1,3,20,5,DPD-2,42,02,2314,336,212,16,36,0.8253783469150174,1.0
MINBR_3,2,1,3,20,5,DPD-2,42,03,4297,137,156,26,84,0.6449147560258671,0.8451882845188284
MINBR_3,2,1,3,20,5,DPD-2,42,04,3646,75,172,19,102,0.60880195599022,0.5038167938931297
MINBR_3,2,1,3,20,5,DPD-2,42,05,5151,42,178,28,122,0.6020916334661355,0.8203592814371258
MINBR_3,2,1,3,20,5,DPD-2,42,06,5501,121,184,32,125,0.5676795580110497,0.642570281124498
MINBR_3,2,1,3,20,5,DPD-2,42,07,4823,176,148,36,98,0.5882352941176471,0.5148148148148148
MINBR_3,2,1,3,20,5,DPD-2,42,08,4749,84,162,25,94,0.6262241566920566,0.6652360515021459
MINBR_3,2,1,3,20,5,DPD-2,42,09,3939,79,178,24,80,0.6632653061224489,1.0
MINBR_3,2,1,3,20,5,DPD-2,42,10,3654,115,213,30,92,0.6617915904936015,0.6471698113207547
MINBR_3,2,1,3,20,5,DPD-2,42,11,3551,295,263,35,97,0.7289198606271777,0.8222748815165877
MINBR_3,2,1,3,20,5,DPD-2,42,12,2764,181,220,24,44,0.7931034482758621,0.6766467065868264
MINBR_3,2,1,3,20,5,DPD-2,42,13,4115,147,213,33,85,0.6934373565855897,0.643979057591623
MINBR_3,2,1,3,20,5,DPD-2,42,14,2205,445,227,19,25,0.8677555321390937,0.9342723004694836
MINBR_3,2,1,3,20,5,DPD-2,42,15,2299,318,189,13,42,0.8109965635738832,0.8855218855218855
MINBR_3,2,1,3,20,5,DPD-2,42,16,3634,646,226,16,23,0.8845897264843229,0.8769230769230769
MINBR_3,2,1,3,20,5,DPD-2,42,17,4261,239,199,18,30,0.8540255831452219,1.0
MINBR_3,2,1,3,20,5,DPD-2,42,18,2481,353,201,10,14,0.9309410968178741,0.9736842105263158
MINBR_3,2,1,3,20,5,DPD-2,42,19,1675,423,250,10,12,0.9228232189973615,1.0
MINBR_3,2,1,3,20,5,DPD-2,42,20,2088,813,228,17,6,0.9413919413919414,0.9023255813953488
MINBR_3,2,1,3,20,5,DPD-2,43,01,2387,85,272,20,26,0.8772858517805582,0.827433628318584
MINBR_3,2,1,3,20,5,DPD-2,43,02,2624,173,203,21,40,0.7927823050058207,1.0
MINBR_3,2,1,3,20,5,DPD-2,43,03,4395,96,153,25,88,0.6190476190476191,0.7447698744769874
MINBR_3,2,1,3,20,5,DPD-2,43,04,3712,61,166,29,98,0.6083129584352078,0.5381679389312977
MINBR_3,2,1,3,20,5,DPD-2,43,05,5285,42,179,27,122,0.5861553784860558,0.6946107784431138
MINBR_3,2,1,3,20,5,DPD-2,43,06,5832,97,166,35,140,0.533609576427256,0.6385542168674698
MINBR_3,2,1,3,20,5,DPD-2,43,07,4950,26,147,37,98,0.5805626598465473,0.4148148148148148
MINBR_3,2,1,3,20,5,DPD-2,43,08,4749,90,161,27,93,0.6278563656147987,0.7296137339055794
MINBR_3,2,1,3,20,5,DPD-2,43,09,4456,25,164,25,93,0.6138560687432868,1.0
MINBR_3,2,1,3,20,5,DPD-2,43,10,3736,105,203,37,95,0.6493601462522852,0.6339622641509434
MINBR_3,2,1,3,20,5,DPD-2,43,11,3860,241,258,38,99,0.6986062717770035,0.7701421800947867
MINBR_3,2,1,3,20,5,DPD-2,43,12,3042,106,215,24,49,0.7784743991640544,0.6526946107784432
MINBR_3,2,1,3,20,5,DPD-2,43,13,4443,67,208,32,91,0.6805874254245067,0.5968586387434555
MINBR_3,2,1,3,20,5,DPD-2,43,14,2334,343,226,15,30,0.8667017913593256,0.9295774647887324
MINBR_3,2,1,3,20,5,DPD-2,43,15,2068,281,192,21,31,0.8396334478808706,0.898989898989899
MINBR_3,2,1,3,20,5,DPD-2,43,16,4146,271,220,21,24,0.8639092728485657,0.8307692307692308
MINBR_3,2,1,3,20,5,DPD-2,43,17,4770,129,186,19,42,0.799849510910459,1.0
MINBR_3,2,1,3,20,5,DPD-2,43,18,2725,180,199,14,12,0.923493568043331,0.9368421052631579
MINBR_3,2,1,3,20,5,DPD-2,43,19,1668,347,244,12,16,0.9089709762532981,0.9587628865979382
MINBR_3,2,1,3,20,5,DPD-2,43,20,2430,674,222,20,9,0.9334554334554335,0.9348837209302325
MINBR_7,2,1,7,20,5,Standard U-Net,41,01,2466,104,91,8,4,0.8952536824877251,0.8451327433628318
MINBR_7,2,1,7,20,5,Standard U-Net,41,02,2750,351,60,6,19,0.7708757637474541,1.0
MINBR_7,2,1,7,20,5,Standard U-Net,41,03,4430,137,48,7,27,0.6631908237747653,0.8368200836820083
MINBR_7,2,1,7,20,5,Standard U-Net,41,04,3929,80,64,16,39,0.5854214123006833,0.4961832061068702
MINBR_7,2,1,7,20,5,Standard U-Net,41,05,5572,51,53,15,37,0.5924932975871313,0.7724550898203593
MINBR_7,2,1,7,20,5,Standard U-Net,41,06,6021,99,49,20,41,0.5249386753883892,0.6144578313253012
MINBR_7,2,1,7,20,5,Standard U-Net,41,07,4872,128,60,12,28,0.6334164588528678,0.5037037037037037
MINBR_7,2,1,7,20,5,Standard U-Net,41,08,4897,106,55,16,22,0.6739526411657559,0.7467811158798283
MINBR_7,2,1,7,20,5,Standard U-Net,41,09,4352,35,62,13,33,0.6462882096069869,0.9904761904761905
MINBR_7,2,1,7,20,5,Standard U-Net,41,10,4044,160,78,29,37,0.6447776628748707,0.6849056603773584
MINBR_7,2,1,7,20,5,Standard U-Net,41,11,3951,332,111,19,38,0.7246963562753036,0.7938388625592417
MINBR_7,2,1,7,20,5,Standard U-Net,41,12,3128,127,75,13,14,0.7769911504424779,0.6227544910179641
MINBR_7,2,1,7,20,5,Standard U-Net,41,13,4463,89,67,17,28,0.6793183578621224,0.6178010471204188
MINBR_7,2,1,7,20,5,Standard U-Net,41,14,2390,427,82,8,8,0.8664412510566357,0.9342723004694836
MINBR_7,2,1,7,20,5,Standard U-Net,41,15,2348,823,70,7,10,0.8525179856115108,0.898989898989899
MINBR_7,2,1,7,20,5,Standard U-Net,41,16,4024,386,60,6,5,0.8739495798319328,0.8307692307692308
MINBR_7,2,1,7,20,5,Standard U-Net,41,17,4557,177,48,5,5,0.856401384083045,1.0
MINBR_7,2,1,7,20,5,Standard U-Net,41,18,2704,258,68,6,1,0.9550173010380623,0.9578947368421052
MINBR_7,2,1,7,20,5,Standard U-Net,41,19,1936,356,46,8,6,0.8368263473053892,0.9587628865979382
MINBR_7,2,1,7,20,5,Standard U-Net,41,20,2676,584,72,3,4,0.9152360515021459,0.8418604651162791
MINBR_7,2,1,7,20,5,Standard U-Net,42,01,2310,138,89,6,8,0.8600654664484452,0.8008849557522124
MINBR_7,2,1,7,20,5,Standard U-Net,42,02,2528,237,59,8,18,0.7556008146639511,1.0
MINBR_7,2,1,7,20,5,Standard U-Net,42,03,4509,79,40,14,28,0.583941605839416,0.7196652719665272
MINBR_7,2,1,7,20,5,Standard U-Net,42,04,3762,174,67,9,43,0.5763097949886105,0.46564885496183206
MINBR_7,2,1,7,20,5,Standard U-Net,42,05,5484,55,52,14,39,0.5603217158176944,0.5748502994011976
MINBR_7,2,1,7,20,5,Standard U-Net,42,06,5840,84,48,14,48,0.5044971381847915,0.6144578313253012
MINBR_7,2,1,7,20,5,Standard U-Net,42,07,5165,86,51,13,36,0.5394846217788861,0.43333333333333335
MINBR_7,2,1,7,20,5,Standard U-Net,42,08,4993,41,53,12,28,0.6038251366120219,0.5622317596566524
MINBR_7,2,1,7,20,5,Standard U-Net,42,09,4267,41,57,17,34,0.6192139737991267,0.9904761904761905
MINBR_7,2,1,7,20,5,Standard U-Net,42,10,3967,93,70,29,45,0.5630816959669079,0.5226415094339623
MINBR_7,2,1,7,20,5,Standard U-Net,42,11,3909,241,106,19,43,0.6852226720647774,0.7725118483412322
MINBR_7,2,1,7,20,5,Standard U-Net,42,12,2983,100,73,11,18,0.7663716814159292,0.6347305389221557
MINBR_7,2,1,7,20,5,Standard U-Net,42,13,4428,117,66,18,28,0.6576297443841983,0.5130890052356021
MINBR_7,2,1,7,20,5,Standard U-Net,42,14,2453,393,75,14,9,0.8385460693153001,0.9014084507042254
MINBR_7,2,1,7,20,5,Standard U-Net,42,15,2439,490,65,6,16,0.8075539568345323,0.8619528619528619
MINBR_7,2,1,7,20,5,Standard U-Net,42,16,3941,484,59,7,5,0.8599439775910365,0.7692307692307693
MINBR_7,2,1,7,20,5,Standard U-Net,42,17,4720,165,48,4,6,0.8460207612456747,1.0
MINBR_7,2,1,7,20,5,Standard U-Net,42,18,2741,305,68,4,3,0.922722029988466,0.9157894736842105
MINBR_7,2,1,7,20,5,Standard U-Net,42,19,1847,344,48,9,3,0.8727544910179641,0.979381443298969
MINBR_7,2,1,7,20,5,Standard U-Net,42,20,2373,669,72,3,4,0.9281115879828327,0.8790697674418605
MINBR_7,2,1,7,20,5,Standard U-Net,43,01,2406,104,89,6,8,0.8829787234042553,0.8672566371681416
MINBR_7,2,1,7,20,5,Standard U-Net,43,02,2670,181,59,10,16,0.7718940936863544,1.0
MINBR_7,2,1,7,20,5,Standard U-Net,43,03,4507,101,42,9,31,0.5735140771637122,0.6694560669456067
MINBR_7,2,1,7,20,5,Standard U-Net,43,04,3723,45,68,13,38,0.6051632498101747,0.5419847328244275
MINBR_7,2,1,7,20,5,Standard U-Net,43,05,5336,57,55,12,38,0.5898123324396782,0.6766467065868264
MINBR_7,2,1,7,20,5,Standard U-Net,43,06,5879,102,47,18,45,0.5200327064595257,0.6224899598393574
MINBR_7,2,1,7,20,5,Standard U-Net,43,07,5004,36,53,14,33,0.5577722360764755,0.3592592592592593
MINBR_7,2,1,7,20,5,Standard U-Net,43,08,4828,104,52,11,30,0.6375227686703097,0.7381974248927039
MINBR_7,2,1,7,20,5,Standard U-Net,43,09,4501,25,54,17,37,0.6034934497816594,0.9904761904761905
MINBR_7,2,1,7,20,5,Standard U-Net,43,10,3844,119,80,21,43,0.6215098241985523,0.6037735849056604
MINBR_7,2,1,7,20,5,Standard U-Net,43,11,3981,285,109,19,40,0.6907894736842105,0.7701421800947867
MINBR_7,2,1,7,20,5,Standard U-Net,43,12,3140,105,73,12,17,0.7575221238938054,0.6107784431137725
MINBR_7,2,1,7,20,5,Standard U-Net,43,13,4535,79,68,17,27,0.6824167312161116,0.5968586387434555
MINBR_7,2,1,7,20,5,Standard U-Net,43,14,2360,357,80,9,9,0.8672865595942519,0.92018779342723
MINBR_7,2,1,7,20,5,Standard U-Net,43,15,2154,584,70,7,10,0.8534172661870504,0.898989898989899
MINBR_7,2,1,7,20,5,Standard U-Net,43,16,4163,299,60,3,8,0.8487394957983193,0.7384615384615385
MINBR_7,2,1,7,20,5,Standard U-Net,43,17,4861,122,48,5,5,0.8512110726643599,1.0
MINBR_7,2,1,7,20,5,Standard U-Net,43,18,2770,170,69,3,3,0.9388696655132641,0.9315789473684211
MINBR_7,2,1,7,20,5,Standard U-Net,43,19,1718,393,49,8,3,0.8922155688622755,0.9587628865979382
MINBR_7,2,1,7,20,5,Standard U-Net,43,20,2534,706,73,5,1,0.9527896995708155,0.9395348837209302
MINBR_7,2,1,7,20,5,DPD-2,41,01,2075,148,92,6,5,0.9058919803600655,0.8805309734513275
MINBR_7,2,1,7,20,5,DPD-2,41,02,2448,282,64,7,14,0.8014256619144603,1.0
MINBR_7,2,1,7,20,5,DPD-2,41,03,4302,248,43,11,28,0.6225234619395204,0.7615062761506276
MINBR_7,2,1,7,20,5,DPD-2,41,04,3517,152,69,12,38,0.6211085801063022,0.5763358778625954
MINBR_7,2,1,7,20,5,DPD-2,41,05,5064,75,58,11,36,0.6058981233243967,0.7544910179640718
MINBR_7,2,1,7,20,5,DPD-2,41,06,5719,111,47,17,46,0.5134914145543745,0.5622489959839357
MINBR_7,2,1,7,20,5,DPD-2,41,07,4639,186,56,15,29,0.5976724854530341,0.40370370370370373
MINBR_7,2,1,7,20,5,DPD-2,41,08,4558,120,57,13,23,0.6612021857923497,0.6909871244635193
MINBR_7,2,1,7,20,5,DPD-2,41,09,3911,60,60,11,37,0.6262008733624455,0.9809523809523809
MINBR_7,2,1,7,20,5,DPD-2,41,10,3755,161,78,27,39,0.6287487073422957,0.6245283018867924
MINBR_7,2,1,7,20,5,DPD-2,41,11,3808,264,102,27,39,0.6928137651821862,0.7725118483412322
MINBR_7,2,1,7,20,5,DPD-2,41,12,2913,152,76,15,11,0.7938053097345132,0.6467065868263473
MINBR_7,2,1,7,20,5,DPD-2,41,13,3982,141,73,16,23,0.726568551510457,0.6544502617801047
MINBR_7,2,1,7,20,5,DPD-2,41,14,2322,377,82,9,7,0.8782755705832629,0.8967136150234741
MINBR_7,2,1,7,20,5,DPD-2,41,15,2242,242,70,5,12,0.8507194244604317,0.8922558922558923
MINBR_7,2,1,7,20,5,DPD-2,41,16,3762,501,60,5,6,0.8627450980392157,0.7538461538461538
MINBR_7,2,1,7,20,5,DPD-2,41,17,4435,248,48,8,2,0.8719723183391004,1.0
MINBR_7,2,1,7,20,5,DPD-2,41,18,2583,377,68,5,2,0.9469434832756632,0.9578947368421052
MINBR_7,2,1,7,20,5,DPD-2,41,19,1659,521,47,9,4,0.8697604790419161,1.0
MINBR_7,2,1,7,20,5,DPD-2,41,20,2191,751,74,2,3,0.9431330472103004,0.9209302325581395
MINBR_7,2,1,7,20,5,DPD-2,42,01,2016,201,92,6,5,0.9009819967266776,0.8628318584070797
MINBR_7,2,1,7,20,5,DPD-2,42,02,2314,336,63,6,16,0.8034623217922607,1.0
MINBR_7,2,1,7,20,5,DPD-2,42,03,4297,137,45,8,29,0.6371220020855057,0.8451882845188284
MINBR_7,2,1,7,20,5,DPD-2,42,04,3646,75,71,9,39,0.6104783599088838,0.5038167938931297
MINBR_7,2,1,7,20,5,DPD-2,42,05,5151,42,59,10,36,0.6193029490616622,0.8203592814371258
MINBR_7,2,1,7,20,5,DPD-2,42,06,5501,121,51,17,42,0.5478331970564186,0.642570281124498
MINBR_7,2,1,7,20,5,DPD-2,42,07,4823,176,54,16,30,0.5960099750623441,0.5148148148148148
MINBR_7,2,1,7,20,5,DPD-2,42,08,4749,84,57,9,27,0.6484517304189436,0.6652360515021459
MINBR_7,2,1,7,20,5,DPD-2,42,09,3939,79,62,14,32,0.6524017467248908,1.0
MINBR_7,2,1,7,20,5,DPD-2,42,10,3654,115,85,22,37,0.6520165460186143,0.6471698113207547
MINBR_7,2,1,7,20,5,DPD-2,42,11,3551,295,116,17,35,0.7469635627530364,0.8222748815165877
MINBR_7,2,1,7,20,5,DPD-2,42,12,2764,181,76,12,14,0.7849557522123893,0.6766467065868264
MINBR_7,2,1,7,20,5,DPD-2,42,13,4115,147,68,19,25,0.7041053446940356,0.643979057591623
MINBR_7,2,1,7,20,5,DPD-2,42,14,2205,445,80,12,6,0.871513102282333,0.9342723004694836
MINBR_7,2,1,7,20,5,DPD-2,42,15,2299,318,67,4,16,0.8219424460431655,0.8855218855218855
MINBR_7,2,1,7,20,5,DPD-2,42,16,3634,646,60,5,6,0.8809523809523809,0.8769230769230769
MINBR_7,2,1,7,20,5,DPD-2,42,17,4261,239,48,7,3,0.889273356401384,1.0
MINBR_7,2,1,7,20,5,DPD-2,42,18,2481,353,71,2,2,0.9630911188004614,0.9736842105263158
MINBR_7,2,1,7,20,5,DPD-2,42,19,1675,423,51,5,4,0.8937125748502994,1.0
MINBR_7,2,1,7,20,5,DPD-2,42,20,2088,813,74,5,0,0.9517167381974249,0.9023255813953488
MINBR_7,2,1,7,20,5,DPD-2,43,01,2387,85,87,9,7,0.8739770867430442,0.827433628318584
MINBR_7,2,1,7,20,5,DPD-2,43,02,2624,173,59,8,18,0.7637474541751528,1.0
MINBR_7,2,1,7,20,5,DPD-2,43,03,4395,96,42,10,30,0.5985401459854015,0.7447698744769874
MINBR_7,2,1,7,20,5,DPD-2,43,04,3712,61,67,15,37,0.6074411541381929,0.5381679389312977
MINBR_7,2,1,7,20,5,DPD-2,43,05,5285,42,56,11,38,0.5853440571939231,0.6946107784431138
MINBR_7,2,1,7,20,5,DPD-2,43,06,5832,97,49,14,47,0.526573998364677,0.6385542168674698
MINBR_7,2,1,7,20,5,DPD-2,43,07,4950,26,54,16,30,0.5835411471321695,0.4148148148148148
MINBR_7,2,1,7,20,5,DPD-2,43,08,4749,90,54,11,28,0.6457194899817851,0.7296137339055794
MINBR_7,2,1,7,20,5,DPD-2,43,09,4456,25,56,12,40,0.5973799126637555,1.0
MINBR_7,2,1,7,20,5,DPD-2,43,10,3736,105,81,20,43,0.6318510858324715,0.6339622641509434
MINBR_7,2,1,7,20,5,DPD-2,43,11,3860,241,109,20,39,0.7059716599190283,0.7701421800947867
MINBR_7,2,1,7,20,5,DPD-2,43,12,3042,106,75,10,17,0.7769911504424779,0.6526946107784432
MINBR_7,2,1,7,20,5,DPD-2,43,13,4443,67,69,17,26,0.6932610379550735,0.5968586387434555
MINBR_7,2,1,7,20,5,DPD-2,43,14,2334,343,79,10,9,0.8740490278951818,0.9295774647887324
MINBR_7,2,1,7,20,5,DPD-2,43,15,2068,281,68,8,11,0.8516187050359713,0.898989898989899
MINBR_7,2,1,7,20,5,DPD-2,43,16,4146,271,59,7,5,0.8627450980392157,0.8307692307692308
MINBR_7,2,1,7,20,5,DPD-2,43,17,4770,129,48,5,5,0.8477508650519031,1.0
MINBR_7,2,1,7,20,5,DPD-2,43,18,2725,180,69,3,3,0.9434832756632064,0.9368421052631579
MINBR_7,2,1,7,20,5,DPD-2,43,19,1668,347,51,5,4,0.8802395209580839,0.9587628865979382
MINBR_7,2,1,7,20,5,DPD-2,43,20,2430,674,74,5,0,0.9592274678111588,0.9348837209302325
LONGBR_15,2,1,5,15,5,Standard U-Net,41,01,2466,104,145,10,13,0.8845177664974619,0.8719512195121951
LONGBR_15,2,1,5,15,5,Standard U-Net,41,02,2750,351,110,7,28,0.786697247706422,0.8520710059171598
LONGBR_15,2,1,5,15,5,Standard U-Net,41,03,4430,137,87,10,42,0.6732283464566929,0.826625386996904
LONGBR_15,2,1,5,15,5,Standard U-Net,41,04,3929,80,106,19,63,0.5900767867690491,0.6187214611872146
LONGBR_15,2,1,5,15,5,Standard U-Net,41,05,5572,51,90,17,60,0.5953360768175583,0.6026490066225165
LONGBR_15,2,1,5,15,5,Standard U-Net,41,06,6021,99,87,25,74,0.5222968845448992,0.49872773536895676
LONGBR_15,2,1,5,15,5,Standard U-Net,41,07,4872,128,100,14,51,0.6314432989690721,0.6050420168067226
LONGBR_15,2,1,5,15,5,Standard U-Net,41,08,4897,106,85,20,39,0.659156976744186,0.6923076923076923
LONGBR_15,2,1,5,15,5,Standard U-Net,41,09,4352,35,94,21,55,0.6293045239702904,0.7162162162162162
LONGBR_15,2,1,5,15,5,Standard U-Net,41,10,4044,160,122,33,60,0.6449119793902963,0.6483870967741936
LONGBR_15,2,1,5,15,5,Standard U-Net,41,11,3951,332,154,25,60,0.7106382978723405,0.706199460916442
LONGBR_15,2,1,5,15,5,Standard U-Net,41,12,3128,127,131,16,25,0.7861386138613862,0.7265625
LONGBR_15,2,1,5,15,5,Standard U-Net,41,13,4463,89,109,21,49,0.6722993361496681,0.6818181818181818
LONGBR_15,2,1,5,15,5,Standard U-Net,41,14,2390,427,137,10,15,0.8665794637017659,0.848421052631579
LONGBR_15,2,1,5,15,5,Standard U-Net,41,15,2348,823,110,12,18,0.8412356321839081,0.8994515539305301
LONGBR_15,2,1,5,15,5,Standard U-Net,41,16,4024,386,116,10,8,0.8873106060606061,0.8238636363636364
LONGBR_15,2,1,5,15,5,Standard U-Net,41,17,4557,177,94,9,12,0.8450226244343891,0.825503355704698
LONGBR_15,2,1,5,15,5,Standard U-Net,41,18,2704,258,111,8,5,0.9395555555555556,0.9774647887323944
LONGBR_15,2,1,5,15,5,Standard U-Net,41,19,1936,356,106,10,10,0.8682926829268293,0.9292452830188679
LONGBR_15,2,1,5,15,5,Standard U-Net,41,20,2676,584,124,5,8,0.9116465863453815,0.9034090909090909
LONGBR_15,2,1,5,15,5,Standard U-Net,42,01,2310,138,145,8,15,0.8642131979695431,0.8191056910569106
LONGBR_15,2,1,5,15,5,Standard U-Net,42,02,2528,237,109,10,26,0.7775229357798165,0.8254437869822485
LONGBR_15,2,1,5,15,5,Standard U-Net,42,03,4509,79,76,19,44,0.6047244094488189,0.6934984520123839
LONGBR_15,2,1,5,15,5,Standard U-Net,42,04,3762,174,105,16,67,0.5794447725930302,0.5593607305936074
LONGBR_15,2,1,5,15,5,Standard U-Net,42,05,5484,55,87,15,65,0.5637860082304527,0.4966887417218543
LONGBR_15,2,1,5,15,5,Standard U-Net,42,06,5840,84,83,20,83,0.5051924251679902,0.49363867684478374
LONGBR_15,2,1,5,15,5,Standard U-Net,42,07,5165,86,83,17,65,0.5373711340206185,0.49159663865546216
LONGBR_15,2,1,5,15,5,Standard U-Net,42,08,4993,41,80,16,48,0.590843023255814,0.5358974358974359
LONGBR_15,2,1,5,15,5,Standard U-Net,42,09,4267,41,93,21,56,0.6178257933828494,0.668918918918919
LONGBR_15,2,1,5,15,5,Standard U-Net,42,10,3967,93,113,33,69,0.5753542292829541,0.5258064516129032
LONGBR_15,2,1,5,15,5,Standard U-Net,42,11,3909,241,146,25,68,0.6736170212765957,0.6401617250673854
LONGBR_15,2,1,5,15,5,Standard U-Net,42,12,2983,100,128,13,31,0.7742574257425743,0.7135416666666666
LONGBR_15,2,1,5,15,5,Standard U-Net,42,13,4428,117,105,22,52,0.6451418225709112,0.6113636363636363
LONGBR_15,2,1,5,15,5,Standard U-Net,42,14,2453,393,126,20,16,0.8351863963374755,0.7894736842105263
LONGBR_15,2,1,5,15,5,Standard U-Net,42,15,2439,490,104,11,25,0.8017241379310345,0.8446069469835467
LONGBR_15,2,1,5,15,5,Standard U-Net,42,16,3941,484,112,11,11,0.8664772727272727,0.7784090909090909
LONGBR_15,2,1,5,15,5,Standard U-Net,42,17,4720,165,90,9,16,0.8246606334841629,0.8322147651006712
LONGBR_15,2,1,5,15,5,Standard U-Net,42,18,2741,305,110,7,7,0.9128888888888889,0.9549295774647887
LONGBR_15,2,1,5,15,5,Standard U-Net,42,19,1847,344,108,14,4,0.8926829268292683,0.9622641509433962
LONGBR_15,2,1,5,15,5,Standard U-Net,42,20,2373,669,126,5,6,0.9309236947791165,0.9261363636363636
LONGBR_15,2,1,5,15,5,Standard U-Net,43,01,2406,104,144,9,15,0.8794416243654822,0.8760162601626016
LONGBR_15,2,1,5,15,5,Standard U-Net,43,02,2670,181,107,13,25,0.7828746177370031,0.863905325443787
LONGBR_15,2,1,5,15,5,Standard U-Net,43,03,4507,101,79,13,47,0.6,0.6718266253869969
LONGBR_15,2,1,5,15,5,Standard U-Net,43,04,3723,45,111,15,62,0.6077968103957472,0.6073059360730594
LONGBR_15,2,1,5,15,5,Standard U-Net,43,05,5336,57,90,14,63,0.5864197530864198,0.5894039735099338
LONGBR_15,2,1,5,15,5,Standard U-Net,43,06,5879,102,81,22,83,0.5094685400122174,0.5089058524173028
LONGBR_15,2,1,5,15,5,Standard U-Net,43,07,5004,36,89,18,58,0.5618556701030928,0.5210084033613446
LONGBR_15,2,1,5,15,5,Standard U-Net,43,08,4828,104,82,17,45,0.6322674418604651,0.6487179487179487
LONGBR_15,2,1,5,15,5,Standard U-Net,43,09,4501,25,86,22,62,0.5941931127616475,0.6385135135135135
LONGBR_15,2,1,5,15,5,Standard U-Net,43,10,3844,119,125,26,64,0.6290253327608416,0.5838709677419355
LONGBR_15,2,1,5,15,5,Standard U-Net,43,11,3981,285,150,21,68,0.6753191489361702,0.6482479784366577
LONGBR_15,2,1,5,15,5,Standard U-Net,43,12,3140,105,126,16,30,0.7656765676567657,0.6770833333333334
LONGBR_15,2,1,5,15,5,Standard U-Net,43,13,4535,79,108,21,50,0.6698853349426674,0.6636363636363637
LONGBR_15,2,1,5,15,5,Standard U-Net,43,14,2360,357,132,14,16,0.8613472858077175,0.8568421052631578
LONGBR_15,2,1,5,15,5,Standard U-Net,43,15,2154,584,111,12,17,0.8419540229885057,0.8976234003656307
LONGBR_15,2,1,5,15,5,Standard U-Net,43,16,4163,299,115,7,12,0.8674242424242424,0.7613636363636364
LONGBR_15,2,1,5,15,5,Standard U-Net,43,17,4861,122,87,10,18,0.8065610859728507,0.8322147651006712
LONGBR_15,2,1,5,15,5,Standard U-Net,43,18,2770,170,111,6,7,0.9235555555555556,0.9605633802816902
LONGBR_15,2,1,5,15,5,Standard U-Net,43,19,1718,393,110,9,7,0.9063414634146342,0.9292452830188679
LONGBR_15,2,1,5,15,5,Standard U-Net,43,20,2534,706,125,9,3,0.944578313253012,0.9630681818181818
LONGBR_15,2,1,5,15,5,DPD-2,41,01,2075,148,147,9,12,0.8978426395939086,0.8780487804878049
LONGBR_15,2,1,5,15,5,DPD-2,41,02,2448,282,114,9,22,0.8119266055045872,0.863905325443787
LONGBR_15,2,1,5,15,5,DPD-2,41,03,4302,248,79,17,43,0.637007874015748,0.7739938080495357
LONGBR_15,2,1,5,15,5,DPD-2,41,04,3517,152,113,16,59,0.6284701712935618,0.634703196347032
LONGBR_15,2,1,5,15,5,DPD-2,41,05,5064,75,95,14,58,0.6069958847736625,0.6192052980132451
LONGBR_15,2,1,5,15,5,DPD-2,41,06,5719,111,81,24,81,0.5088576664630422,0.46055979643765904
LONGBR_15,2,1,5,15,5,DPD-2,41,07,4639,186,95,21,49,0.604381443298969,0.5630252100840336
LONGBR_15,2,1,5,15,5,DPD-2,41,08,4558,120,88,15,41,0.6504360465116279,0.6205128205128205
LONGBR_15,2,1,5,15,5,DPD-2,41,09,3911,60,93,18,59,0.6178257933828494,0.6925675675675675
LONGBR_15,2,1,5,15,5,DPD-2,41,10,3755,161,122,30,63,0.6311721768999571,0.6064516129032258
LONGBR_15,2,1,5,15,5,DPD-2,41,11,3808,264,143,34,62,0.6825531914893617,0.6590296495956873
LONGBR_15,2,1,5,15,5,DPD-2,41,12,2913,152,132,19,21,0.8,0.734375
LONGBR_15,2,1,5,15,5,DPD-2,41,13,3982,141,116,20,43,0.7127338563669282,0.7386363636363636
LONGBR_15,2,1,5,15,5,DPD-2,41,14,2322,377,136,12,14,0.8705035971223022,0.8505263157894737
LONGBR_15,2,1,5,15,5,DPD-2,41,15,2242,242,112,8,20,0.8441091954022989,0.8939670932358318
LONGBR_15,2,1,5,15,5,DPD-2,41,16,3762,501,114,10,10,0.875,0.7784090909090909
LONGBR_15,2,1,5,15,5,DPD-2,41,17,4435,248,93,14,8,0.8540723981900452,0.8187919463087249
LONGBR_15,2,1,5,15,5,DPD-2,41,18,2583,377,110,7,7,0.9288888888888889,0.9774647887323944
LONGBR_15,2,1,5,15,5,DPD-2,41,19,1659,521,106,12,8,0.8868292682926829,0.9575471698113207
LONGBR_15,2,1,5,15,5,DPD-2,41,20,2191,751,129,3,5,0.944578313253012,0.9517045454545454
LONGBR_15,2,1,5,15,5,DPD-2,42,01,2016,201,148,7,13,0.8934010152284264,0.8922764227642277
LONGBR_15,2,1,5,15,5,DPD-2,42,02,2314,336,112,8,25,0.8103975535168195,0.893491124260355
LONGBR_15,2,1,5,15,5,DPD-2,42,03,4297,137,84,13,42,0.6543307086614173,0.8018575851393189
LONGBR_15,2,1,5,15,5,DPD-2,42,04,3646,75,114,12,62,0.61193148257531,0.6073059360730594
LONGBR_15,2,1,5,15,5,DPD-2,42,05,5151,42,95,13,59,0.6145404663923183,0.6423841059602649
LONGBR_15,2,1,5,15,5,DPD-2,42,06,5501,121,89,22,75,0.5455100794135614,0.5114503816793893
LONGBR_15,2,1,5,15,5,DPD-2,42,07,4823,176,90,20,55,0.5902061855670103,0.5861344537815126
LONGBR_15,2,1,5,15,5,DPD-2,42,08,4749,84,85,16,43,0.6388081395348837,0.6410256410256411
LONGBR_15,2,1,5,15,5,DPD-2,42,09,3939,79,98,19,53,0.6441593517893315,0.7027027027027027
LONGBR_15,2,1,5,15,5,DPD-2,42,10,3654,115,129,26,60,0.6509231429798197,0.635483870967742
LONGBR_15,2,1,5,15,5,DPD-2,42,11,3551,295,159,22,58,0.7306382978723405,0.7358490566037735
LONGBR_15,2,1,5,15,5,DPD-2,42,12,2764,181,132,14,26,0.7907590759075908,0.7526041666666666
LONGBR_15,2,1,5,15,5,DPD-2,42,13,4115,147,109,23,47,0.687990343995172,0.6863636363636364
LONGBR_15,2,1,5,15,5,DPD-2,42,14,2205,445,133,16,13,0.8659254414650098,0.8378947368421052
LONGBR_15,2,1,5,15,5,DPD-2,42,15,2299,318,107,7,26,0.8096264367816092,0.8665447897623401
LONGBR_15,2,1,5,15,5,DPD-2,42,16,3634,646,115,8,11,0.8863636363636364,0.8693181818181818
LONGBR_15,2,1,5,15,5,DPD-2,42,17,4261,239,93,10,12,0.8653846153846154,0.9261744966442953
LONGBR_15,2,1,5,15,5,DPD-2,42,18,2481,353,113,4,7,0.9422222222222222,0.9859154929577465
LONGBR_15,2,1,5,15,5,DPD-2,42,19,1675,423,113,7,6,0.911219512195122,0.9905660377358491
LONGBR_15,2,1,5,15,5,DPD-2,42,20,2088,813,129,7,1,0.9518072289156626,0.9403409090909091
LONGBR_15,2,1,5,15,5,DPD-2,43,01,2387,85,141,13,14,0.8705583756345178,0.8495934959349594
LONGBR_15,2,1,5,15,5,DPD-2,43,02,2624,173,108,10,27,0.7782874617737003,0.834319526627219
LONGBR_15,2,1,5,15,5,DPD-2,43,03,4395,96,79,13,47,0.6165354330708661,0.7151702786377709
LONGBR_15,2,1,5,15,5,DPD-2,43,04,3712,61,106,22,60,0.6077968103957472,0.6255707762557078
LONGBR_15,2,1,5,15,5,DPD-2,43,05,5285,42,91,14,62,0.5843621399176955,0.5927152317880795
LONGBR_15,2,1,5,15,5,DPD-2,43,06,5832,97,81,23,82,0.5167990226023214,0.5114503816793893
LONGBR_15,2,1,5,15,5,DPD-2,43,07,4950,26,91,20,54,0.5837628865979382,0.5630252100840336
LONGBR_15,2,1,5,15,5,DPD-2,43,08,4749,90,84,16,44,0.6373546511627907,0.6512820512820513
LONGBR_15,2,1,5,15,5,DPD-2,43,09,4456,25,88,17,65,0.5860904794058069,0.6418918918918919
LONGBR_15,2,1,5,15,5,DPD-2,43,10,3736,105,124,27,64,0.6384714469729498,0.6096774193548387
LONGBR_15,2,1,5,15,5,DPD-2,43,11,3860,241,151,24,64,0.691063829787234,0.6671159029649596
LONGBR_15,2,1,5,15,5,DPD-2,43,12,3042,106,129,11,32,0.7775577557755775,0.7239583333333334
LONGBR_15,2,1,5,15,5,DPD-2,43,13,4443,67,108,22,49,0.6783343391671696,0.6659090909090909
LONGBR_15,2,1,5,15,5,DPD-2,43,14,2334,343,130,15,17,0.8633093525179856,0.8652631578947368
LONGBR_15,2,1,5,15,5,DPD-2,43,15,2068,281,106,16,18,0.8362068965517241,0.8957952468007313
LONGBR_15,2,1,5,15,5,DPD-2,43,16,4146,271,112,10,12,0.8645833333333334,0.7954545454545454
LONGBR_15,2,1,5,15,5,DPD-2,43,17,4770,129,87,9,19,0.8009049773755657,0.8322147651006712
LONGBR_15,2,1,5,15,5,DPD-2,43,18,2725,180,111,6,7,0.928,0.9661971830985916
LONGBR_15,2,1,5,15,5,DPD-2,43,19,1668,347,112,6,8,0.8995121951219512,0.9292452830188679
LONGBR_15,2,1,5,15,5,DPD-2,43,20,2430,674,125,10,2,0.9437751004016064,0.9602272727272727
LONGBR_25,2,1,5,25,5,Standard U-Net,41,01,2466,104,145,10,13,0.8845177664974619,0.6982758620689655
LONGBR_25,2,1,5,25,5,Standard U-Net,41,02,2750,351,110,7,28,0.786697247706422,1.0
LONGBR_25,2,1,5,25,5,Standard U-Net,41,03,4430,137,87,10,42,0.6732283464566929,0.7705882352941177
LONGBR_25,2,1,5,25,5,Standard U-Net,41,04,3929,80,106,19,63,0.5900767867690491,0.28448275862068967
LONGBR_25,2,1,5,25,5,Standard U-Net,41,05,5572,51,90,17,60,0.5953360768175583,0.7710843373493976
LONGBR_25,2,1,5,25,5,Standard U-Net,41,06,6021,99,87,25,74,0.5222968845448992,0.7664233576642335
LONGBR_25,2,1,5,25,5,Standard U-Net,41,07,4872,128,100,14,51,0.6314432989690721,0.5221674876847291
LONGBR_25,2,1,5,25,5,Standard U-Net,41,08,4897,106,85,20,39,0.659156976744186,0.8380952380952381
LONGBR_25,2,1,5,25,5,Standard U-Net,41,09,4352,35,94,21,55,0.6293045239702904,0.984375
LONGBR_25,2,1,5,25,5,Standard U-Net,41,10,4044,160,122,33,60,0.6449119793902963,0.6222222222222222
LONGBR_25,2,1,5,25,5,Standard U-Net,41,11,3951,332,154,25,60,0.7106382978723405,0.7743362831858407
LONGBR_25,2,1,5,25,5,Standard U-Net,41,12,3128,127,131,16,25,0.7861386138613862,0.6097560975609756
LONGBR_25,2,1,5,25,5,Standard U-Net,41,13,4463,89,109,21,49,0.6722993361496681,0.5079365079365079
LONGBR_25,2,1,5,25,5,Standard U-Net,41,14,2390,427,137,10,15,0.8665794637017659,0.896
LONGBR_25,2,1,5,25,5,Standard U-Net,41,15,2348,823,110,12,18,0.8412356321839081,0.8404255319148937
LONGBR_25,2,1,5,25,5,Standard U-Net,41,16,4024,386,116,10,8,0.8873106060606061,
LONGBR_25,2,1,5,25,5,Standard U-Net,41,17,4557,177,94,9,12,0.8450226244343891,
LONGBR_25,2,1,5,25,5,Standard U-Net,41,18,2704,258,111,8,5,0.9395555555555556,1.0
LONGBR_25,2,1,5,25,5,Standard U-Net,41,19,1936,356,106,10,10,0.8682926829268293,0.948051948051948
LONGBR_25,2,1,5,25,5,Standard U-Net,41,20,2676,584,124,5,8,0.9116465863453815,0.9194630872483222
LONGBR_25,2,1,5,25,5,Standard U-Net,42,01,2310,138,145,8,15,0.8642131979695431,0.6120689655172413
LONGBR_25,2,1,5,25,5,Standard U-Net,42,02,2528,237,109,10,26,0.7775229357798165,1.0
LONGBR_25,2,1,5,25,5,Standard U-Net,42,03,4509,79,76,19,44,0.6047244094488189,0.611764705882353
LONGBR_25,2,1,5,25,5,Standard U-Net,42,04,3762,174,105,16,67,0.5794447725930302,0.27586206896551724
LONGBR_25,2,1,5,25,5,Standard U-Net,42,05,5484,55,87,15,65,0.5637860082304527,0.6385542168674698
LONGBR_25,2,1,5,25,5,Standard U-Net,42,06,5840,84,83,20,83,0.5051924251679902,0.7445255474452555
LONGBR_25,2,1,5,25,5,Standard U-Net,42,07,5165,86,83,17,65,0.5373711340206185,0.46798029556650245
LONGBR_25,2,1,5,25,5,Standard U-Net,42,08,4993,41,80,16,48,0.590843023255814,0.5714285714285714
LONGBR_25,2,1,5,25,5,Standard U-Net,42,09,4267,41,93,21,56,0.6178257933828494,0.984375
LONGBR_25,2,1,5,25,5,Standard U-Net,42,10,3967,93,113,33,69,0.5753542292829541,0.5055555555555555
LONGBR_25,2,1,5,25,5,Standard U-Net,42,11,3909,241,146,25,68,0.6736170212765957,0.7743362831858407
LONGBR_25,2,1,5,25,5,Standard U-Net,42,12,2983,100,128,13,31,0.7742574257425743,0.6016260162601627
LONGBR_25,2,1,5,25,5,Standard U-Net,42,13,4428,117,105,22,52,0.6451418225709112,0.42857142857142855
LONGBR_25,2,1,5,25,5,Standard U-Net,42,14,2453,393,126,20,16,0.8351863963374755,0.84
LONGBR_25,2,1,5,25,5,Standard U-Net,42,15,2439,490,104,11,25,0.8017241379310345,0.8351063829787234
LONGBR_25,2,1,5,25,5,Standard U-Net,42,16,3941,484,112,11,11,0.8664772727272727,
LONGBR_25,2,1,5,25,5,Standard U-Net,42,17,4720,165,90,9,16,0.8246606334841629,
LONGBR_25,2,1,5,25,5,Standard U-Net,42,18,2741,305,110,7,7,0.9128888888888889,1.0
LONGBR_25,2,1,5,25,5,Standard U-Net,42,19,1847,344,108,14,4,0.8926829268292683,0.974025974025974
LONGBR_25,2,1,5,25,5,Standard U-Net,42,20,2373,669,126,5,6,0.9309236947791165,0.9463087248322147
LONGBR_25,2,1,5,25,5,Standard U-Net,43,01,2406,104,144,9,15,0.8794416243654822,0.7413793103448276
LONGBR_25,2,1,5,25,5,Standard U-Net,43,02,2670,181,107,13,25,0.7828746177370031,1.0
LONGBR_25,2,1,5,25,5,Standard U-Net,43,03,4507,101,79,13,47,0.6,0.5352941176470588
LONGBR_25,2,1,5,25,5,Standard U-Net,43,04,3723,45,111,15,62,0.6077968103957472,0.3620689655172414
LONGBR_25,2,1,5,25,5,Standard U-Net,43,05,5336,57,90,14,63,0.5864197530864198,0.7108433734939759
LONGBR_25,2,1,5,25,5,Standard U-Net,43,06,5879,102,81,22,83,0.5094685400122174,0.7372262773722628
LONGBR_25,2,1,5,25,5,Standard U-Net,43,07,5004,36,89,18,58,0.5618556701030928,0.3694581280788177
LONGBR_25,2,1,5,25,5,Standard U-Net,43,08,4828,104,82,17,45,0.6322674418604651,0.5619047619047619
LONGBR_25,2,1,5,25,5,Standard U-Net,43,09,4501,25,86,22,62,0.5941931127616475,0.984375
LONGBR_25,2,1,5,25,5,Standard U-Net,43,10,3844,119,125,26,64,0.6290253327608416,0.5527777777777778
LONGBR_25,2,1,5,25,5,Standard U-Net,43,11,3981,285,150,21,68,0.6753191489361702,0.7699115044247787
LONGBR_25,2,1,5,25,5,Standard U-Net,43,12,3140,105,126,16,30,0.7656765676567657,0.6341463414634146
LONGBR_25,2,1,5,25,5,Standard U-Net,43,13,4535,79,108,21,50,0.6698853349426674,0.5238095238095238
LONGBR_25,2,1,5,25,5,Standard U-Net,43,14,2360,357,132,14,16,0.8613472858077175,0.872
LONGBR_25,2,1,5,25,5,Standard U-Net,43,15,2154,584,111,12,17,0.8419540229885057,0.8404255319148937
LONGBR_25,2,1,5,25,5,Standard U-Net,43,16,4163,299,115,7,12,0.8674242424242424,
LONGBR_25,2,1,5,25,5,Standard U-Net,43,17,4861,122,87,10,18,0.8065610859728507,
LONGBR_25,2,1,5,25,5,Standard U-Net,43,18,2770,170,111,6,7,0.9235555555555556,1.0
LONGBR_25,2,1,5,25,5,Standard U-Net,43,19,1718,393,110,9,7,0.9063414634146342,0.948051948051948
LONGBR_25,2,1,5,25,5,Standard U-Net,43,20,2534,706,125,9,3,0.944578313253012,0.9731543624161074
LONGBR_25,2,1,5,25,5,DPD-2,41,01,2075,148,147,9,12,0.8978426395939086,0.7672413793103449
LONGBR_25,2,1,5,25,5,DPD-2,41,02,2448,282,114,9,22,0.8119266055045872,1.0
LONGBR_25,2,1,5,25,5,DPD-2,41,03,4302,248,79,17,43,0.637007874015748,0.6647058823529411
LONGBR_25,2,1,5,25,5,DPD-2,41,04,3517,152,113,16,59,0.6284701712935618,0.47413793103448276
LONGBR_25,2,1,5,25,5,DPD-2,41,05,5064,75,95,14,58,0.6069958847736625,0.7108433734939759
LONGBR_25,2,1,5,25,5,DPD-2,41,06,5719,111,81,24,81,0.5088576664630422,0.7007299270072993
LONGBR_25,2,1,5,25,5,DPD-2,41,07,4639,186,95,21,49,0.604381443298969,0.42857142857142855
LONGBR_25,2,1,5,25,5,DPD-2,41,08,4558,120,88,15,41,0.6504360465116279,0.7523809523809524
LONGBR_25,2,1,5,25,5,DPD-2,41,09,3911,60,93,18,59,0.6178257933828494,0.96875
LONGBR_25,2,1,5,25,5,DPD-2,41,10,3755,161,122,30,63,0.6311721768999571,0.575
LONGBR_25,2,1,5,25,5,DPD-2,41,11,3808,264,143,34,62,0.6825531914893617,0.7389380530973452
LONGBR_25,2,1,5,25,5,DPD-2,41,12,2913,152,132,19,21,0.8,0.6422764227642277
LONGBR_25,2,1,5,25,5,DPD-2,41,13,3982,141,116,20,43,0.7127338563669282,0.5873015873015873
LONGBR_25,2,1,5,25,5,DPD-2,41,14,2322,377,136,12,14,0.8705035971223022,0.84
LONGBR_25,2,1,5,25,5,DPD-2,41,15,2242,242,112,8,20,0.8441091954022989,0.8351063829787234
LONGBR_25,2,1,5,25,5,DPD-2,41,16,3762,501,114,10,10,0.875,
LONGBR_25,2,1,5,25,5,DPD-2,41,17,4435,248,93,14,8,0.8540723981900452,
LONGBR_25,2,1,5,25,5,DPD-2,41,18,2583,377,110,7,7,0.9288888888888889,1.0
LONGBR_25,2,1,5,25,5,DPD-2,41,19,1659,521,106,12,8,0.8868292682926829,1.0
LONGBR_25,2,1,5,25,5,DPD-2,41,20,2191,751,129,3,5,0.944578313253012,0.9664429530201343
LONGBR_25,2,1,5,25,5,DPD-2,42,01,2016,201,148,7,13,0.8934010152284264,0.7327586206896551
LONGBR_25,2,1,5,25,5,DPD-2,42,02,2314,336,112,8,25,0.8103975535168195,1.0
LONGBR_25,2,1,5,25,5,DPD-2,42,03,4297,137,84,13,42,0.6543307086614173,0.7823529411764706
LONGBR_25,2,1,5,25,5,DPD-2,42,04,3646,75,114,12,62,0.61193148257531,0.27586206896551724
LONGBR_25,2,1,5,25,5,DPD-2,42,05,5151,42,95,13,59,0.6145404663923183,0.7349397590361446
LONGBR_25,2,1,5,25,5,DPD-2,42,06,5501,121,89,22,75,0.5455100794135614,0.7883211678832117
LONGBR_25,2,1,5,25,5,DPD-2,42,07,4823,176,90,20,55,0.5902061855670103,0.5221674876847291
LONGBR_25,2,1,5,25,5,DPD-2,42,08,4749,84,85,16,43,0.6388081395348837,0.580952380952381
LONGBR_25,2,1,5,25,5,DPD-2,42,09,3939,79,98,19,53,0.6441593517893315,1.0
LONGBR_25,2,1,5,25,5,DPD-2,42,10,3654,115,129,26,60,0.6509231429798197,0.6055555555555555
LONGBR_25,2,1,5,25,5,DPD-2,42,11,3551,295,159,22,58,0.7306382978723405,0.827433628318584
LONGBR_25,2,1,5,25,5,DPD-2,42,12,2764,181,132,14,26,0.7907590759075908,0.6666666666666666
LONGBR_25,2,1,5,25,5,DPD-2,42,13,4115,147,109,23,47,0.687990343995172,0.5555555555555556
LONGBR_25,2,1,5,25,5,DPD-2,42,14,2205,445,133,16,13,0.8659254414650098,0.888
LONGBR_25,2,1,5,25,5,DPD-2,42,15,2299,318,107,7,26,0.8096264367816092,0.8404255319148937
LONGBR_25,2,1,5,25,5,DPD-2,42,16,3634,646,115,8,11,0.8863636363636364,
LONGBR_25,2,1,5,25,5,DPD-2,42,17,4261,239,93,10,12,0.8653846153846154,
LONGBR_25,2,1,5,25,5,DPD-2,42,18,2481,353,113,4,7,0.9422222222222222,1.0
LONGBR_25,2,1,5,25,5,DPD-2,42,19,1675,423,113,7,6,0.911219512195122,1.0
LONGBR_25,2,1,5,25,5,DPD-2,42,20,2088,813,129,7,1,0.9518072289156626,0.9463087248322147
LONGBR_25,2,1,5,25,5,DPD-2,43,01,2387,85,141,13,14,0.8705583756345178,0.6637931034482759
LONGBR_25,2,1,5,25,5,DPD-2,43,02,2624,173,108,10,27,0.7782874617737003,1.0
LONGBR_25,2,1,5,25,5,DPD-2,43,03,4395,96,79,13,47,0.6165354330708661,0.6411764705882353
LONGBR_25,2,1,5,25,5,DPD-2,43,04,3712,61,106,22,60,0.6077968103957472,0.3275862068965517
LONGBR_25,2,1,5,25,5,DPD-2,43,05,5285,42,91,14,62,0.5843621399176955,0.7228915662650602
LONGBR_25,2,1,5,25,5,DPD-2,43,06,5832,97,81,23,82,0.5167990226023214,0.7737226277372263
LONGBR_25,2,1,5,25,5,DPD-2,43,07,4950,26,91,20,54,0.5837628865979382,0.4433497536945813
LONGBR_25,2,1,5,25,5,DPD-2,43,08,4749,90,84,16,44,0.6373546511627907,0.6285714285714286
LONGBR_25,2,1,5,25,5,DPD-2,43,09,4456,25,88,17,65,0.5860904794058069,1.0
LONGBR_25,2,1,5,25,5,DPD-2,43,10,3736,105,124,27,64,0.6384714469729498,0.5833333333333334
LONGBR_25,2,1,5,25,5,DPD-2,43,11,3860,241,151,24,64,0.691063829787234,0.7699115044247787
LONGBR_25,2,1,5,25,5,DPD-2,43,12,3042,106,129,11,32,0.7775577557755775,0.6178861788617886
LONGBR_25,2,1,5,25,5,DPD-2,43,13,4443,67,108,22,49,0.6783343391671696,0.5238095238095238
LONGBR_25,2,1,5,25,5,DPD-2,43,14,2334,343,130,15,17,0.8633093525179856,0.888
LONGBR_25,2,1,5,25,5,DPD-2,43,15,2068,281,106,16,18,0.8362068965517241,0.8404255319148937
LONGBR_25,2,1,5,25,5,DPD-2,43,16,4146,271,112,10,12,0.8645833333333334,
LONGBR_25,2,1,5,25,5,DPD-2,43,17,4770,129,87,9,19,0.8009049773755657,
LONGBR_25,2,1,5,25,5,DPD-2,43,18,2725,180,111,6,7,0.928,1.0
LONGBR_25,2,1,5,25,5,DPD-2,43,19,1668,347,112,6,8,0.8995121951219512,0.948051948051948
LONGBR_25,2,1,5,25,5,DPD-2,43,20,2430,674,125,10,2,0.9437751004016064,0.9731543624161074
FARFP_3,2,1,5,20,3,Standard U-Net,41,01,2466,196,145,10,13,0.8845177664974619,0.8451327433628318
FARFP_3,2,1,5,20,3,Standard U-Net,41,02,2750,449,110,7,28,0.786697247706422,1.0
FARFP_3,2,1,5,20,3,Standard U-Net,41,03,4430,214,87,10,42,0.6732283464566929,0.8368200836820083
FARFP_3,2,1,5,20,3,Standard U-Net,41,04,3929,116,106,19,63,0.5900767867690491,0.4961832061068702
FARFP_3,2,1,5,20,3,Standard U-Net,41,05,5572,86,90,17,60,0.5953360768175583,0.7724550898203593
FARFP_3,2,1,5,20,3,Standard U-Net,41,06,6021,140,87,25,74,0.5222968845448992,0.6144578313253012
FARFP_3,2,1,5,20,3,Standard U-Net,41,07,4872,170,100,14,51,0.6314432989690721,0.5037037037037037
FARFP_3,2,1,5,20,3,Standard U-Net,41,08,4897,147,85,20,39,0.659156976744186,0.7467811158798283
FARFP_3,2,1,5,20,3,Standard U-Net,41,09,4352,68,94,21,55,0.6293045239702904,0.9904761904761905
FARFP_3,2,1,5,20,3,Standard U-Net,41,10,4044,192,122,33,60,0.6449119793902963,0.6849056603773584
FARFP_3,2,1,5,20,3,Standard U-Net,41,11,3951,439,154,25,60,0.7106382978723405,0.7938388625592417
FARFP_3,2,1,5,20,3,Standard U-Net,41,12,3128,168,131,16,25,0.7861386138613862,0.6227544910179641
FARFP_3,2,1,5,20,3,Standard U-Net,41,13,4463,157,109,21,49,0.6722993361496681,0.6178010471204188
FARFP_3,2,1,5,20,3,Standard U-Net,41,14,2390,518,137,10,15,0.8665794637017659,0.9342723004694836
FARFP_3,2,1,5,20,3,Standard U-Net,41,15,2348,897,110,12,18,0.8412356321839081,0.898989898989899
FARFP_3,2,1,5,20,3,Standard U-Net,41,16,4024,482,116,10,8,0.8873106060606061,0.8307692307692308
FARFP_3,2,1,5,20,3,Standard U-Net,41,17,4557,221,94,9,12,0.8450226244343891,1.0
FARFP_3,2,1,5,20,3,Standard U-Net,41,18,2704,304,111,8,5,0.9395555555555556,0.9578947368421052
FARFP_3,2,1,5,20,3,Standard U-Net,41,19,1936,430,106,10,10,0.8682926829268293,0.9587628865979382
FARFP_3,2,1,5,20,3,Standard U-Net,41,20,2676,706,124,5,8,0.9116465863453815,0.8418604651162791
FARFP_3,2,1,5,20,3,Standard U-Net,42,01,2310,265,145,8,15,0.8642131979695431,0.8008849557522124
FARFP_3,2,1,5,20,3,Standard U-Net,42,02,2528,332,109,10,26,0.7775229357798165,1.0
FARFP_3,2,1,5,20,3,Standard U-Net,42,03,4509,121,76,19,44,0.6047244094488189,0.7196652719665272
FARFP_3,2,1,5,20,3,Standard U-Net,42,04,3762,233,105,16,67,0.5794447725930302,0.46564885496183206
FARFP_3,2,1,5,20,3,Standard U-Net,42,05,5484,90,87,15,65,0.5637860082304527,0.5748502994011976
FARFP_3,2,1,5,20,3,Standard U-Net,42,06,5840,106,83,20,83,0.5051924251679902,0.6144578313253012
FARFP_3,2,1,5,20,3,Standard U-Net,42,07,5165,168,83,17,65,0.5373711340206185,0.43333333333333335
FARFP_3,2,1,5,20,3,Standard U-Net,42,08,4993,63,80,16,48,0.590843023255814,0.5622317596566524
FARFP_3,2,1,5,20,3,Standard U-Net,42,09,4267,81,93,21,56,0.6178257933828494,0.9904761904761905
FARFP_3,2,1,5,20,3,Standard U-Net,42,10,3967,114,113,33,69,0.5753542292829541,0.5226415094339623
FARFP_3,2,1,5,20,3,Standard U-Net,42,11,3909,365,146,25,68,0.6736170212765957,0.7725118483412322
FARFP_3,2,1,5,20,3,Standard U-Net,42,12,2983,133,128,13,31,0.7742574257425743,0.6347305389221557
FARFP_3,2,1,5,20,3,Standard U-Net,42,13,4428,167,105,22,52,0.6451418225709112,0.5130890052356021
FARFP_3,2,1,5,20,3,Standard U-Net,42,14,2453,473,126,20,16,0.8351863963374755,0.9014084507042254
FARFP_3,2,1,5,20,3,Standard U-Net,42,15,2439,512,104,11,25,0.8017241379310345,0.8619528619528619
FARFP_3,2,1,5,20,3,Standard U-Net,42,16,3941,591,112,11,11,0.8664772727272727,0.7692307692307693
FARFP_3,2,1,5,20,3,Standard U-Net,42,17,4720,213,90,9,16,0.8246606334841629,1.0
FARFP_3,2,1,5,20,3,Standard U-Net,42,18,2741,351,110,7,7,0.9128888888888889,0.9157894736842105
FARFP_3,2,1,5,20,3,Standard U-Net,42,19,1847,437,108,14,4,0.8926829268292683,0.979381443298969
FARFP_3,2,1,5,20,3,Standard U-Net,42,20,2373,817,126,5,6,0.9309236947791165,0.8790697674418605
FARFP_3,2,1,5,20,3,Standard U-Net,43,01,2406,192,144,9,15,0.8794416243654822,0.8672566371681416
FARFP_3,2,1,5,20,3,Standard U-Net,43,02,2670,259,107,13,25,0.7828746177370031,1.0
FARFP_3,2,1,5,20,3,Standard U-Net,43,03,4507,186,79,13,47,0.6,0.6694560669456067
FARFP_3,2,1,5,20,3,Standard U-Net,43,04,3723,70,111,15,62,0.6077968103957472,0.5419847328244275
FARFP_3,2,1,5,20,3,Standard U-Net,43,05,5336,94,90,14,63,0.5864197530864198,0.6766467065868264
FARFP_3,2,1,5,20,3,Standard U-Net,43,06,5879,132,81,22,83,0.5094685400122174,0.6224899598393574
FARFP_3,2,1,5,20,3,Standard U-Net,43,07,5004,62,89,18,58,0.5618556701030928,0.3592592592592593
FARFP_3,2,1,5,20,3,Standard U-Net,43,08,4828,149,82,17,45,0.6322674418604651,0.7381974248927039
FARFP_3,2,1,5,20,3,Standard U-Net,43,09,4501,55,86,22,62,0.5941931127616475,0.9904761904761905
FARFP_3,2,1,5,20,3,Standard U-Net,43,10,3844,146,125,26,64,0.6290253327608416,0.6037735849056604
FARFP_3,2,1,5,20,3,Standard U-Net,43,11,3981,408,150,21,68,0.6753191489361702,0.7701421800947867
FARFP_3,2,1,5,20,3,Standard U-Net,43,12,3140,141,126,16,30,0.7656765676567657,0.6107784431137725
FARFP_3,2,1,5,20,3,Standard U-Net,43,13,4535,116,108,21,50,0.6698853349426674,0.5968586387434555
FARFP_3,2,1,5,20,3,Standard U-Net,43,14,2360,456,132,14,16,0.8613472858077175,0.92018779342723
FARFP_3,2,1,5,20,3,Standard U-Net,43,15,2154,658,111,12,17,0.8419540229885057,0.898989898989899
FARFP_3,2,1,5,20,3,Standard U-Net,43,16,4163,378,115,7,12,0.8674242424242424,0.7384615384615385
FARFP_3,2,1,5,20,3,Standard U-Net,43,17,4861,151,87,10,18,0.8065610859728507,1.0
FARFP_3,2,1,5,20,3,Standard U-Net,43,18,2770,201,111,6,7,0.9235555555555556,0.9315789473684211
FARFP_3,2,1,5,20,3,Standard U-Net,43,19,1718,478,110,9,7,0.9063414634146342,0.9587628865979382
FARFP_3,2,1,5,20,3,Standard U-Net,43,20,2534,846,125,9,3,0.944578313253012,0.9395348837209302
FARFP_3,2,1,5,20,3,DPD-2,41,01,2075,258,147,9,12,0.8978426395939086,0.8805309734513275
FARFP_3,2,1,5,20,3,DPD-2,41,02,2448,386,114,9,22,0.8119266055045872,1.0
FARFP_3,2,1,5,20,3,DPD-2,41,03,4302,349,79,17,43,0.637007874015748,0.7615062761506276
FARFP_3,2,1,5,20,3,DPD-2,41,04,3517,208,113,16,59,0.6284701712935618,0.5763358778625954
FARFP_3,2,1,5,20,3,DPD-2,41,05,5064,116,95,14,58,0.6069958847736625,0.7544910179640718
FARFP_3,2,1,5,20,3,DPD-2,41,06,5719,150,81,24,81,0.5088576664630422,0.5622489959839357
FARFP_3,2,1,5,20,3,DPD-2,41,07,4639,230,95,21,49,0.604381443298969,0.40370370370370373
FARFP_3,2,1,5,20,3,DPD-2,41,08,4558,185,88,15,41,0.6504360465116279,0.6909871244635193
FARFP_3,2,1,5,20,3,DPD-2,41,09,3911,112,93,18,59,0.6178257933828494,0.9809523809523809
FARFP_3,2,1,5,20,3,DPD-2,41,10,3755,193,122,30,63,0.6311721768999571,0.6245283018867924
FARFP_3,2,1,5,20,3,DPD-2,41,11,3808,368,143,34,62,0.6825531914893617,0.7725118483412322
FARFP_3,2,1,5,20,3,DPD-2,41,12,2913,205,132,19,21,0.8,0.6467065868263473
FARFP_3,2,1,5,20,3,DPD-2,41,13,3982,212,116,20,43,0.7127338563669282,0.6544502617801047
FARFP_3,2,1,5,20,3,DPD-2,41,14,2322,481,136,12,14,0.8705035971223022,0.8967136150234741
FARFP_3,2,1,5,20,3,DPD-2,41,15,2242,275,112,8,20,0.8441091954022989,0.8922558922558923
FARFP_3,2,1,5,20,3,DPD-2,41,16,3762,622,114,10,10,0.875,0.7538461538461538
FARFP_3,2,1,5,20,3,DPD-2,41,17,4435,307,93,14,8,0.8540723981900452,1.0
FARFP_3,2,1,5,20,3,DPD-2,41,18,2583,440,110,7,7,0.9288888888888889,0.9578947368421052
FARFP_3,2,1,5,20,3,DPD-2,41,19,1659,619,106,12,8,0.8868292682926829,1.0
FARFP_3,2,1,5,20,3,DPD-2,41,20,2191,916,129,3,5,0.944578313253012,0.9209302325581395
FARFP_3,2,1,5,20,3,DPD-2,42,01,2016,326,148,7,13,0.8934010152284264,0.8628318584070797
FARFP_3,2,1,5,20,3,DPD-2,42,02,2314,457,112,8,25,0.8103975535168195,1.0
FARFP_3,2,1,5,20,3,DPD-2,42,03,4297,206,84,13,42,0.6543307086614173,0.8451882845188284
FARFP_3,2,1,5,20,3,DPD-2,42,04,3646,145,114,12,62,0.61193148257531,0.5038167938931297
FARFP_3,2,1,5,20,3,DPD-2,42,05,5151,85,95,13,59,0.6145404663923183,0.8203592814371258
FARFP_3,2,1,5,20,3,DPD-2,42,06,5501,157,89,22,75,0.5455100794135614,0.642570281124498
FARFP_3,2,1,5,20,3,DPD-2,42,07,4823,238,90,20,55,0.5902061855670103,0.5148148148148148
FARFP_3,2,1,5,20,3,DPD-2,42,08,4749,118,85,16,43,0.6388081395348837,0.6652360515021459
FARFP_3,2,1,5,20,3,DPD-2,42,09,3939,157,98,19,53,0.6441593517893315,1.0
FARFP_3,2,1,5,20,3,DPD-2,42,10,3654,151,129,26,60,0.6509231429798197,0.6471698113207547
FARFP_3,2,1,5,20,3,DPD-2,42,11,3551,405,159,22,58,0.7306382978723405,0.8222748815165877
FARFP_3,2,1,5,20,3,DPD-2,42,12,2764,231,132,14,26,0.7907590759075908,0.6766467065868264
FARFP_3,2,1,5,20,3,DPD-2,42,13,4115,210,109,23,47,0.687990343995172,0.643979057591623
FARFP_3,2,1,5,20,3,DPD-2,42,14,2205,559,133,16,13,0.8659254414650098,0.9342723004694836
FARFP_3,2,1,5,20,3,DPD-2,42,15,2299,362,107,7,26,0.8096264367816092,0.8855218855218855
FARFP_3,2,1,5,20,3,DPD-2,42,16,3634,792,115,8,11,0.8863636363636364,0.8769230769230769
FARFP_3,2,1,5,20,3,DPD-2,42,17,4261,321,93,10,12,0.8653846153846154,1.0
FARFP_3,2,1,5,20,3,DPD-2,42,18,2481,429,113,4,7,0.9422222222222222,0.9736842105263158
FARFP_3,2,1,5,20,3,DPD-2,42,19,1675,523,113,7,6,0.911219512195122,1.0
FARFP_3,2,1,5,20,3,DPD-2,42,20,2088,971,129,7,1,0.9518072289156626,0.9023255813953488
FARFP_3,2,1,5,20,3,DPD-2,43,01,2387,173,141,13,14,0.8705583756345178,0.827433628318584
FARFP_3,2,1,5,20,3,DPD-2,43,02,2624,248,108,10,27,0.7782874617737003,1.0
FARFP_3,2,1,5,20,3,DPD-2,43,03,4395,181,79,13,47,0.6165354330708661,0.7447698744769874
FARFP_3,2,1,5,20,3,DPD-2,43,04,3712,91,106,22,60,0.6077968103957472,0.5381679389312977
FARFP_3,2,1,5,20,3,DPD-2,43,05,5285,75,91,14,62,0.5843621399176955,0.6946107784431138
FARFP_3,2,1,5,20,3,DPD-2,43,06,5832,127,81,23,82,0.5167990226023214,0.6385542168674698
FARFP_3,2,1,5,20,3,DPD-2,43,07,4950,51,91,20,54,0.5837628865979382,0.4148148148148148
FARFP_3,2,1,5,20,3,DPD-2,43,08,4749,135,84,16,44,0.6373546511627907,0.7296137339055794
FARFP_3,2,1,5,20,3,DPD-2,43,09,4456,60,88,17,65,0.5860904794058069,1.0
FARFP_3,2,1,5,20,3,DPD-2,43,10,3736,132,124,27,64,0.6384714469729498,0.6339622641509434
FARFP_3,2,1,5,20,3,DPD-2,43,11,3860,357,151,24,64,0.691063829787234,0.7701421800947867
FARFP_3,2,1,5,20,3,DPD-2,43,12,3042,146,129,11,32,0.7775577557755775,0.6526946107784432
FARFP_3,2,1,5,20,3,DPD-2,43,13,4443,106,108,22,49,0.6783343391671696,0.5968586387434555
FARFP_3,2,1,5,20,3,DPD-2,43,14,2334,441,130,15,17,0.8633093525179856,0.9295774647887324
FARFP_3,2,1,5,20,3,DPD-2,43,15,2068,312,106,16,18,0.8362068965517241,0.898989898989899
FARFP_3,2,1,5,20,3,DPD-2,43,16,4146,346,112,10,12,0.8645833333333334,0.8307692307692308
FARFP_3,2,1,5,20,3,DPD-2,43,17,4770,161,87,9,19,0.8009049773755657,1.0
FARFP_3,2,1,5,20,3,DPD-2,43,18,2725,209,111,6,7,0.928,0.9368421052631579
FARFP_3,2,1,5,20,3,DPD-2,43,19,1668,418,112,6,8,0.8995121951219512,0.9587628865979382
FARFP_3,2,1,5,20,3,DPD-2,43,20,2430,832,125,10,2,0.9437751004016064,0.9348837209302325
FARFP_7,2,1,5,20,7,Standard U-Net,41,01,2466,66,145,10,13,0.8845177664974619,0.8451327433628318
FARFP_7,2,1,5,20,7,Standard U-Net,41,02,2750,280,110,7,28,0.786697247706422,1.0
FARFP_7,2,1,5,20,7,Standard U-Net,41,03,4430,87,87,10,42,0.6732283464566929,0.8368200836820083
FARFP_7,2,1,5,20,7,Standard U-Net,41,04,3929,50,106,19,63,0.5900767867690491,0.4961832061068702
FARFP_7,2,1,5,20,7,Standard U-Net,41,05,5572,39,90,17,60,0.5953360768175583,0.7724550898203593
FARFP_7,2,1,5,20,7,Standard U-Net,41,06,6021,72,87,25,74,0.5222968845448992,0.6144578313253012
FARFP_7,2,1,5,20,7,Standard U-Net,41,07,4872,103,100,14,51,0.6314432989690721,0.5037037037037037
FARFP_7,2,1,5,20,7,Standard U-Net,41,08,4897,75,85,20,39,0.659156976744186,0.7467811158798283
FARFP_7,2,1,5,20,7,Standard U-Net,41,09,4352,18,94,21,55,0.6293045239702904,0.9904761904761905
FARFP_7,2,1,5,20,7,Standard U-Net,41,10,4044,130,122,33,60,0.6449119793902963,0.6849056603773584
FARFP_7,2,1,5,20,7,Standard U-Net,41,11,3951,240,154,25,60,0.7106382978723405,0.7938388625592417
FARFP_7,2,1,5,20,7,Standard U-Net,41,12,3128,101,131,16,25,0.7861386138613862,0.6227544910179641
FARFP_7,2,1,5,20,7,Standard U-Net,41,13,4463,58,109,21,49,0.6722993361496681,0.6178010471204188
FARFP_7,2,1,5,20,7,Standard U-Net,41,14,2390,359,137,10,15,0.8665794637017659,0.9342723004694836
FARFP_7,2,1,5,20,7,Standard U-Net,41,15,2348,756,110,12,18,0.8412356321839081,0.898989898989899
FARFP_7,2,1,5,20,7,Standard U-Net,41,16,4024,306,116,10,8,0.8873106060606061,0.8307692307692308
FARFP_7,2,1,5,20,7,Standard U-Net,41,17,4557,123,94,9,12,0.8450226244343891,1.0
FARFP_7,2,1,5,20,7,Standard U-Net,41,18,2704,221,111,8,5,0.9395555555555556,0.9578947368421052
FARFP_7,2,1,5,20,7,Standard U-Net,41,19,1936,293,106,10,10,0.8682926829268293,0.9587628865979382
FARFP_7,2,1,5,20,7,Standard U-Net,41,20,2676,483,124,5,8,0.9116465863453815,0.8418604651162791
FARFP_7,2,1,5,20,7,Standard U-Net,42,01,2310,95,145,8,15,0.8642131979695431,0.8008849557522124
FARFP_7,2,1,5,20,7,Standard U-Net,42,02,2528,171,109,10,26,0.7775229357798165,1.0
FARFP_7,2,1,5,20,7,Standard U-Net,42,03,4509,54,76,19,44,0.6047244094488189,0.7196652719665272
FARFP_7,2,1,5,20,7,Standard U-Net,42,04,3762,106,105,16,67,0.5794447725930302,0.46564885496183206
FARFP_7,2,1,5,20,7,Standard U-Net,42,05,5484,43,87,15,65,0.5637860082304527,0.5748502994011976
FARFP_7,2,1,5,20,7,Standard U-Net,42,06,5840,69,83,20,83,0.5051924251679902,0.6144578313253012
FARFP_7,2,1,5,20,7,Standard U-Net,42,07,5165,50,83,17,65,0.5373711340206185,0.43333333333333335
FARFP_7,2,1,5,20,7,Standard U-Net,42,08,4993,26,80,16,48,0.590843023255814,0.5622317596566524
FARFP_7,2,1,5,20,7,Standard U-Net,42,09,4267,23,93,21,56,0.6178257933828494,0.9904761904761905
FARFP_7,2,1,5,20,7,Standard U-Net,42,10,3967,68,113,33,69,0.5753542292829541,0.5226415094339623
FARFP_7,2,1,5,20,7,Standard U-Net,42,11,3909,162,146,25,68,0.6736170212765957,0.7725118483412322
FARFP_7,2,1,5,20,7,Standard U-Net,42,12,2983,74,128,13,31,0.7742574257425743,0.6347305389221557
FARFP_7,2,1,5,20,7,Standard U-Net,42,13,4428,86,105,22,52,0.6451418225709112,0.5130890052356021
FARFP_7,2,1,5,20,7,Standard U-Net,42,14,2453,340,126,20,16,0.8351863963374755,0.9014084507042254
FARFP_7,2,1,5,20,7,Standard U-Net,42,15,2439,474,104,11,25,0.8017241379310345,0.8619528619528619
FARFP_7,2,1,5,20,7,Standard U-Net,42,16,3941,395,112,11,11,0.8664772727272727,0.7692307692307693
FARFP_7,2,1,5,20,7,Standard U-Net,42,17,4720,123,90,9,16,0.8246606334841629,1.0
FARFP_7,2,1,5,20,7,Standard U-Net,42,18,2741,249,110,7,7,0.9128888888888889,0.9157894736842105
FARFP_7,2,1,5,20,7,Standard U-Net,42,19,1847,265,108,14,4,0.8926829268292683,0.979381443298969
FARFP_7,2,1,5,20,7,Standard U-Net,42,20,2373,546,126,5,6,0.9309236947791165,0.8790697674418605
FARFP_7,2,1,5,20,7,Standard U-Net,43,01,2406,68,144,9,15,0.8794416243654822,0.8672566371681416
FARFP_7,2,1,5,20,7,Standard U-Net,43,02,2670,133,107,13,25,0.7828746177370031,1.0
FARFP_7,2,1,5,20,7,Standard U-Net,43,03,4507,55,79,13,47,0.6,0.6694560669456067
FARFP_7,2,1,5,20,7,Standard U-Net,43,04,3723,31,111,15,62,0.6077968103957472,0.5419847328244275
FARFP_7,2,1,5,20,7,Standard U-Net,43,05,5336,42,90,14,63,0.5864197530864198,0.6766467065868264
FARFP_7,2,1,5,20,7,Standard U-Net,43,06,5879,81,81,22,83,0.5094685400122174,0.6224899598393574
FARFP_7,2,1,5,20,7,Standard U-Net,43,07,5004,24,89,18,58,0.5618556701030928,0.3592592592592593
FARFP_7,2,1,5,20,7,Standard U-Net,43,08,4828,72,82,17,45,0.6322674418604651,0.7381974248927039
FARFP_7,2,1,5,20,7,Standard U-Net,43,09,4501,14,86,22,62,0.5941931127616475,0.9904761904761905
FARFP_7,2,1,5,20,7,Standard U-Net,43,10,3844,94,125,26,64,0.6290253327608416,0.6037735849056604
FARFP_7,2,1,5,20,7,Standard U-Net,43,11,3981,199,150,21,68,0.6753191489361702,0.7701421800947867
FARFP_7,2,1,5,20,7,Standard U-Net,43,12,3140,81,126,16,30,0.7656765676567657,0.6107784431137725
FARFP_7,2,1,5,20,7,Standard U-Net,43,13,4535,52,108,21,50,0.6698853349426674,0.5968586387434555
FARFP_7,2,1,5,20,7,Standard U-Net,43,14,2360,291,132,14,16,0.8613472858077175,0.92018779342723
FARFP_7,2,1,5,20,7,Standard U-Net,43,15,2154,542,111,12,17,0.8419540229885057,0.898989898989899
FARFP_7,2,1,5,20,7,Standard U-Net,43,16,4163,237,115,7,12,0.8674242424242424,0.7384615384615385
FARFP_7,2,1,5,20,7,Standard U-Net,43,17,4861,87,87,10,18,0.8065610859728507,1.0
FARFP_7,2,1,5,20,7,Standard U-Net,43,18,2770,143,111,6,7,0.9235555555555556,0.9315789473684211
FARFP_7,2,1,5,20,7,Standard U-Net,43,19,1718,321,110,9,7,0.9063414634146342,0.9587628865979382
FARFP_7,2,1,5,20,7,Standard U-Net,43,20,2534,577,125,9,3,0.944578313253012,0.9395348837209302
FARFP_7,2,1,5,20,7,DPD-2,41,01,2075,102,147,9,12,0.8978426395939086,0.8805309734513275
FARFP_7,2,1,5,20,7,DPD-2,41,02,2448,215,114,9,22,0.8119266055045872,1.0
FARFP_7,2,1,5,20,7,DPD-2,41,03,4302,173,79,17,43,0.637007874015748,0.7615062761506276
FARFP_7,2,1,5,20,7,DPD-2,41,04,3517,106,113,16,59,0.6284701712935618,0.5763358778625954
FARFP_7,2,1,5,20,7,DPD-2,41,05,5064,58,95,14,58,0.6069958847736625,0.7544910179640718
FARFP_7,2,1,5,20,7,DPD-2,41,06,5719,89,81,24,81,0.5088576664630422,0.5622489959839357
FARFP_7,2,1,5,20,7,DPD-2,41,07,4639,150,95,21,49,0.604381443298969,0.40370370370370373
FARFP_7,2,1,5,20,7,DPD-2,41,08,4558,83,88,15,41,0.6504360465116279,0.6909871244635193
FARFP_7,2,1,5,20,7,DPD-2,41,09,3911,29,93,18,59,0.6178257933828494,0.9809523809523809
FARFP_7,2,1,5,20,7,DPD-2,41,10,3755,128,122,30,63,0.6311721768999571,0.6245283018867924
FARFP_7,2,1,5,20,7,DPD-2,41,11,3808,179,143,34,62,0.6825531914893617,0.7725118483412322
FARFP_7,2,1,5,20,7,DPD-2,41,12,2913,122,132,19,21,0.8,0.6467065868263473
FARFP_7,2,1,5,20,7,DPD-2,41,13,3982,93,116,20,43,0.7127338563669282,0.6544502617801047
FARFP_7,2,1,5,20,7,DPD-2,41,14,2322,310,136,12,14,0.8705035971223022,0.8967136150234741
FARFP_7,2,1,5,20,7,DPD-2,41,15,2242,216,112,8,20,0.8441091954022989,0.8922558922558923
FARFP_7,2,1,5,20,7,DPD-2,41,16,3762,401,114,10,10,0.875,0.7538461538461538
FARFP_7,2,1,5,20,7,DPD-2,41,17,4435,186,93,14,8,0.8540723981900452,1.0
FARFP_7,2,1,5,20,7,DPD-2,41,18,2583,319,110,7,7,0.9288888888888889,0.9578947368421052
FARFP_7,2,1,5,20,7,DPD-2,41,19,1659,427,106,12,8,0.8868292682926829,1.0
FARFP_7,2,1,5,20,7,DPD-2,41,20,2191,611,129,3,5,0.944578313253012,0.9209302325581395
FARFP_7,2,1,5,20,7,DPD-2,42,01,2016,151,148,7,13,0.8934010152284264,0.8628318584070797
FARFP_7,2,1,5,20,7,DPD-2,42,02,2314,249,112,8,25,0.8103975535168195,1.0
FARFP_7,2,1,5,20,7,DPD-2,42,03,4297,92,84,13,42,0.6543307086614173,0.8451882845188284
FARFP_7,2,1,5,20,7,DPD-2,42,04,3646,41,114,12,62,0.61193148257531,0.5038167938931297
FARFP_7,2,1,5,20,7,DPD-2,42,05,5151,31,95,13,59,0.6145404663923183,0.8203592814371258
FARFP_7,2,1,5,20,7,DPD-2,42,06,5501,98,89,22,75,0.5455100794135614,0.642570281124498
FARFP_7,2,1,5,20,7,DPD-2,42,07,4823,142,90,20,55,0.5902061855670103,0.5148148148148148
FARFP_7,2,1,5,20,7,DPD-2,42,08,4749,61,85,16,43,0.6388081395348837,0.6652360515021459
FARFP_7,2,1,5,20,7,DPD-2,42,09,3939,42,98,19,53,0.6441593517893315,1.0
FARFP_7,2,1,5,20,7,DPD-2,42,10,3654,83,129,26,60,0.6509231429798197,0.6471698113207547
FARFP_7,2,1,5,20,7,DPD-2,42,11,3551,202,159,22,58,0.7306382978723405,0.8222748815165877
FARFP_7,2,1,5,20,7,DPD-2,42,12,2764,144,132,14,26,0.7907590759075908,0.6766467065868264
FARFP_7,2,1,5,20,7,DPD-2,42,13,4115,108,109,23,47,0.687990343995172,0.643979057591623
FARFP_7,2,1,5,20,7,DPD-2,42,14,2205,370,133,16,13,0.8659254414650098,0.9342723004694836
FARFP_7,2,1,5,20,7,DPD-2,42,15,2299,287,107,7,26,0.8096264367816092,0.8855218855218855
FARFP_7,2,1,5,20,7,DPD-2,42,16,3634,532,115,8,11,0.8863636363636364,0.8769230769230769
FARFP_7,2,1,5,20,7,DPD-2,42,17,4261,182,93,10,12,0.8653846153846154,1.0
FARFP_7,2,1,5,20,7,DPD-2,42,18,2481,287,113,4,7,0.9422222222222222,0.9736842105263158
FARFP_7,2,1,5,20,7,DPD-2,42,19,1675,341,113,7,6,0.911219512195122,1.0
FARFP_7,2,1,5,20,7,DPD-2,42,20,2088,676,129,7,1,0.9518072289156626,0.9023255813953488
FARFP_7,2,1,5,20,7,DPD-2,43,01,2387,52,141,13,14,0.8705583756345178,0.827433628318584
FARFP_7,2,1,5,20,7,DPD-2,43,02,2624,125,108,10,27,0.7782874617737003,1.0
FARFP_7,2,1,5,20,7,DPD-2,43,03,4395,51,79,13,47,0.6165354330708661,0.7447698744769874
FARFP_7,2,1,5,20,7,DPD-2,43,04,3712,41,106,22,60,0.6077968103957472,0.5381679389312977
FARFP_7,2,1,5,20,7,DPD-2,43,05,5285,32,91,14,62,0.5843621399176955,0.6946107784431138
FARFP_7,2,1,5,20,7,DPD-2,43,06,5832,78,81,23,82,0.5167990226023214,0.6385542168674698
FARFP_7,2,1,5,20,7,DPD-2,43,07,4950,14,91,20,54,0.5837628865979382,0.4148148148148148
FARFP_7,2,1,5,20,7,DPD-2,43,08,4749,61,84,16,44,0.6373546511627907,0.7296137339055794
FARFP_7,2,1,5,20,7,DPD-2,43,09,4456,14,88,17,65,0.5860904794058069,1.0
FARFP_7,2,1,5,20,7,DPD-2,43,10,3736,79,124,27,64,0.6384714469729498,0.6339622641509434
FARFP_7,2,1,5,20,7,DPD-2,43,11,3860,157,151,24,64,0.691063829787234,0.7701421800947867
FARFP_7,2,1,5,20,7,DPD-2,43,12,3042,85,129,11,32,0.7775577557755775,0.6526946107784432
FARFP_7,2,1,5,20,7,DPD-2,43,13,4443,39,108,22,49,0.6783343391671696,0.5968586387434555
FARFP_7,2,1,5,20,7,DPD-2,43,14,2334,284,130,15,17,0.8633093525179856,0.9295774647887324
FARFP_7,2,1,5,20,7,DPD-2,43,15,2068,255,106,16,18,0.8362068965517241,0.898989898989899
FARFP_7,2,1,5,20,7,DPD-2,43,16,4146,212,112,10,12,0.8645833333333334,0.8307692307692308
FARFP_7,2,1,5,20,7,DPD-2,43,17,4770,89,87,9,19,0.8009049773755657,1.0
FARFP_7,2,1,5,20,7,DPD-2,43,18,2725,154,111,6,7,0.928,0.9368421052631579
FARFP_7,2,1,5,20,7,DPD-2,43,19,1668,280,112,6,8,0.8995121951219512,0.9587628865979382
FARFP_7,2,1,5,20,7,DPD-2,43,20,2430,549,125,10,2,0.9437751004016064,0.9348837209302325
